maturity,theta,forward,time_derivative,phase_generator,residual
0.12,-0.463647609001,-0.025,1.07753335235e-29,1.06147383772e-29,1.60595146337e-31
0.12,-0.453629476544,-0.0243769666932,5.47862986606e-29,5.39492581561e-29,8.37040504537e-31
0.12,-0.443611344087,-0.0237599900872,2.68567953964e-28,2.64361344715e-28,4.20660924926e-30
0.12,-0.43359321163,-0.0231488602184,1.27077344682e-27,1.25036625935e-27,2.04071874777e-29
0.12,-0.423575079173,-0.0225433734096,5.8100948297e-27,5.71442569651e-27,9.56691331911e-29
0.12,-0.413556946716,-0.0219433319732,2.56950015039e-26,2.52611406505e-26,4.3386085342e-28
0.12,-0.403538814259,-0.0213485439287,1.10025746849e-25,1.08120496587e-25,1.90525026136e-27
0.12,-0.393520681802,-0.0207588227338,4.56595689898e-25,4.48486242477e-25,8.10944742048e-27
0.12,-0.383502549346,-0.0201739870282,1.83804080516e-24,1.80455464086e-24,3.34861643005e-26
0.12,-0.373484416889,-0.0195938603902,7.18359291387e-24,7.04933028739e-24,1.34262626487e-25
0.12,-0.363466284432,-0.0190182711034,2.72805386074e-23,2.67573897909e-23,5.23148816572e-25
0.12,-0.353448151975,-0.0184470519352,1.00747681548e-22,9.87651258678e-23,1.98255568068e-24
0.12,-0.343430019518,-0.0178800399241,3.620927038e-22,3.54779783541e-22,7.31292025876e-24
0.12,-0.333411887061,-0.0173170761779,1.26743263546e-21,1.24115762191e-21,2.6275013551e-23
0.12,-0.323393754604,-0.0167580056787,4.32369359469e-21,4.23167195394e-21,9.20216407457e-23
0.12,-0.313375622147,-0.0162026770985,1.43847272402e-20,1.40703670894e-20,3.1436015077e-22
0.12,-0.30335748969,-0.0156509426205,4.67029855831e-20,4.56547979893e-20,1.04818759382e-21
0.12,-0.293339357233,-0.0151026577694,1.4806480954e-19,1.4465133678e-19,3.41347276044e-21
0.12,-0.283321224776,-0.0145576812471,4.58648461758e-19,4.47785190265e-19,1.08632714926e-20
0.12,-0.273303092319,-0.0140158747764,1.38891231566e-18,1.35510725115e-18,3.38050645089e-20
0.12,-0.263284959863,-0.0134771029497,4.11407385588e-18,4.01115385126e-18,1.02920004624e-19
0.12,-0.253266827406,-0.0129412330837,1.19260691479e-17,1.16193471669e-17,3.06721981004e-19
0.12,-0.243248694949,-0.0124081350797,3.38506166469e-17,3.29553800966e-17,8.95236550321e-19
0.12,-0.233230562492,-0.0118776812888,9.41210317091e-17,9.15607355994e-17,2.56029610968e-18
0.12,-0.223212430035,-0.0113497463819,2.56481190592e-16,2.49303165233e-16,7.17802535857e-18
0.12,-0.213194297578,-0.0108242072238,6.8527113527e-16,6.6553433529e-16,1.97367999798e-17
0.12,-0.203176165121,-0.0103009427524,1.79592612445e-15,1.74267952363e-15,5.3246600816e-17
0.12,-0.193158032664,-0.00977983386053,4.61856035282e-15,4.47755712896e-15,1.41003223856e-16
0.12,-0.183139900207,-0.00926076328247,1.16595598729e-14,1.12929034487e-14,3.66656424156e-16
0.12,-0.17312176775,-0.00874361548341,2.89049883926e-14,-8.5825880546e-12,8.61149304299e-12
0.12,-0.163103635293,-0.00822827655213,3.35021225822e-14,-8.46696856221e-12,8.5004706848e-12
0.12,-0.153085502837,-0.00771463409674,2.31767746639e-14,1.6838523648e-13,-1.45208461816e-13
0.12,-0.14306737038,-0.00720257714313,3.0096281086e-15,8.77200784471e-12,-8.7689982166e-12
0.12,-0.133049237923,-0.00669199603594,1.80648322261e-15,9.14267850927e-13,-9.12461367705e-13
0.12,-0.123031105466,-0.00618278234193,4.27538437797e-14,2.07944312639e-12,-2.03668928261e-12
0.12,-0.113012973009,-0.00567482875553,6.98257934946e-14,-3.44884260859e-12,3.51866840208e-12
0.12,-0.102994840552,-0.00516802900634,1.9862335094e-13,2.24948836749e-12,-2.05086501655e-12
0.12,-0.092976708095,-0.00466227776851,4.5323765489e-13,6.43275238061e-12,-5.97951472572e-12
0.12,-0.0829585756381,-0.00415747057172,1.02018958771e-12,-7.09333216591e-12,8.11352175362e-12
0.12,-0.0729404431812,-0.00365350371365,2.22812737893e-12,7.58840198485e-12,-5.36027460593e-12
0.12,-0.0629223107243,-0.00315027417389,4.78261100386e-12,2.26424039573e-12,2.51837060812e-12
0.12,-0.0529041782674,-0.00264767952885,1.01130496477e-11,4.22752302124e-12,5.88552662649e-12
0.12,-0.0428860458105,-0.00214561786788,2.10406321023e-11,2.62008811573e-11,-5.16024905502e-12
0.12,-0.0328679133536,-0.00164398771014,4.3241575722e-11,4.22834407367e-11,9.58134985288e-13
0.12,-0.0228497808966,-0.0011426879223,8.75220687243e-11,9.05242588469e-11,-3.00219012257e-12
0.12,-0.0128316484397,-0.000641617636745,1.74862509479e-10,1.68774453098e-10,6.08805638151e-12
0.12,-0.00281351598282,-0.000140676170333,3.44588171889e-10,3.53951723359e-10,-9.36355146992e-12
0.12,0.00720461647409,0.000360237056607,6.69979148203e-10,6.78161030242e-10,-8.18188203861e-12
0.12,0.017222748931,0.000861222601068,1.28548121736e-09,1.28902504438e-09,-3.54382702694e-12
0.12,0.0272408813879,0.00136238107812,2.43424666938e-09,2.43038716744e-09,3.85950194165e-12
0.12,0.0372590138448,0.00186381324178,4.54973288903e-09,4.5428014383e-09,6.93145072611e-12
0.12,0.0472771463017,0.00236562006609,8.39426202876e-09,8.39140601862e-09,2.85601014115e-12
0.12,0.0572952787587,0.00286790282662,1.52894132626e-08,1.52861841873e-08,3.22907529669e-12
0.12,0.0673134112156,0.00337076318243,2.74944090036e-08,2.74935308643e-08,8.78139258839e-13
0.12,0.0773315436725,0.0038743032587,4.88172830924e-08,4.88152170001e-08,2.06609230431e-12
0.12,0.0873496761294,0.00437862573024,8.558618696e-08,8.55842179403e-08,1.96901966083e-12
0.12,0.0973678085863,0.00488383390582,1.48168304518e-07,1.48174232978e-07,-5.92845975412e-12
0.12,0.107385941043,0.0053900318137,2.53305525319e-07,2.5330919855e-07,-3.67323043995e-12
0.12,0.1174040735,0.00589732428833,4.27644928271e-07,4.27641751089e-07,3.1771824548e-12
0.12,0.127422205957,0.00640581705854,7.12981365362e-07,7.12981490477e-07,-1.2511489899e-13
0.12,0.137440338414,0.00691561683719,1.17390128529e-06,1.1738971869e-06,4.0983865808e-12
0.12,0.147458470871,0.00742683141263,1.90871490569e-06,1.90871836521e-06,-3.45952346673e-12
0.12,0.157476603328,0.00793956974201,3.06478095429e-06,3.06478284504e-06,-1.89074987602e-12
0.12,0.167494735785,0.0084539420467,4.85953445702e-06,4.85953849961e-06,-4.04259076996e-12
0.12,0.177512868242,0.0089700599099,7.60868780121e-06,7.6086951971e-06,-7.39588967749e-12
0.12,0.187531000699,0.0094880363768,1.17631260656e-05,1.17631383007e-05,-1.22350631383e-11
0.12,0.197549133155,0.0100079860572,1.79558731614e-05,1.79558820215e-05,-8.86015576296e-12
0.12,0.207567265612,0.0105300252314,2.70600614216e-05,2.70600847882e-05,-2.33665565771e-11
0.12,0.217585398069,0.0110542719582,4.0257966718e-05,4.02579952764e-05,-2.85584018795e-11
0.12,0.227603530526,0.0115808461875,5.91197474296e-05,5.9119782891e-05,-3.5461466615e-11
0.12,0.237621662983,0.0121098698755,8.56884381335e-05,8.56884883362e-05,-5.02027432212e-11
0.12,0.24763979544,0.0126414671037,0.000122564947364,0.000122565016976,-6.96119513215e-11
0.12,0.257657927897,0.0131757642024,0.000172983337946,0.000172983432916,-9.49707931654e-11
0.12,0.267676060354,0.0137128898779,0.000240862732193,0.000240862854298,-1.22104598026e-10
0.12,0.277694192811,0.0142529753449,0.000330818188994,0.000330818342051,-1.53057403828e-10
0.12,0.287712325268,0.0147961544633,0.000448109495548,0.000448109685299,-1.89750216841e-10
0.12,0.297730457725,0.0153425638804,0.000598504898566,0.000598505129332,-2.30766678878e-10
0.12,0.307748590181,0.0158923431784,0.000788037462249,0.000788037735023,-2.7277367073e-10
0.12,0.317766722638,0.0164456350284,0.00102263615003,0.00102263646158,-3.11554952843e-10
0.12,0.327784855095,0.0170025853497,0.00130762292227,0.0013076232672,-3.44931017776e-10
0.12,0.337802987552,0.0175633434769,0.00164708174286,0.00164708211151,-3.68651823911e-10
0.12,0.347821120009,0.0181280623329,0.00204312526224,0.00204312564204,-3.79805761928e-10
0.12,0.357839252466,0.0186968986103,0.0024951088756,0.00249510924626,-3.70663356345e-10
0.12,0.367857384923,0.0192700129608,0.00299886730219,0.00299886763867,-3.36476694163e-10
0.12,0.37787551738,0.0198475701924,0.00354607189029,0.00354607216641,-2.76126848383e-10
0.12,0.387893649837,0.0204297394763,0.0041238225122,0.00412382270205,-1.89848076496e-10
0.12,0.397911782294,0.0210166945635,0.00471459069957,0.00471459076996,-7.03879489417e-11
0.12,0.407929914751,0.0216086140109,0.00529661565029,0.0052966155797,7.0590534286e-11
0.12,0.417948047208,0.0222056814195,0.00584481882433,0.00584481860076,2.23568957618e-10
0.12,0.427966179664,0.022808085683,0.00633224612607,0.00633224574179,3.84282862476e-10
0.12,0.437984312121,0.0234160212496,0.00673197348588,0.00673197294987,5.36001620692e-10
0.12,0.448002444578,0.0240296883965,0.00701933099742,0.00701933033695,6.60472787573e-10
0.12,0.458020577035,0.0246492935189,0.00717422567797,0.00717422491536,7.62608880558e-10
0.12,0.468038709492,0.0252750494334,0.00718328868466,0.00718328787241,8.12245038589e-10
0.12,0.478056841949,0.0259071756975,0.00704155408861,0.00704155328316,8.05453360259e-10
0.12,0.488074974406,0.0265458989466,0.00675340355359,0.00675340280773,7.45854346167e-10
0.12,0.498093106863,0.0271914532482,0.00633258740688,0.00633258677009,6.36796960649e-10
0.12,0.50811123932,0.0278440804762,0.00580125070402,0.00580125019026,5.13755382854e-10
0.12,0.518129371777,0.0285040307055,0.00518803596861,0.00518803562014,3.48469003653e-10
0.12,0.528147504234,0.0291715626291,0.00452547752394,0.00452547736759,1.56349043087e-10
0.12,0.53816563669,0.0298469439978,0.00384701784911,0.00384701784111,7.99070098284e-12
0.12,0.548183769147,0.0305304520865,0.00318403953188,0.00318403968863,-1.5675337417e-10
0.12,0.558201901604,0.0312223741863,0.00256330201169,0.00256330225683,-2.4514325769e-10
0.12,0.568220034061,0.0319230081263,0.00200509929061,0.00200509962179,-3.31179509164e-10
0.12,0.578238166518,0.0326326628259,0.00152232723472,0.0015223275989,-3.64177392669e-10
0.12,0.588256298975,0.0333516588807,0.00112049347821,0.00112049384577,-3.67557581159e-10
0.12,0.598274431432,0.0340803291834,0.000798551840729,0.000798552177816,-3.37086793591e-10
0.12,0.608292563889,0.034819019584,0.000550327061803,0.000550327380193,-3.18389898864e-10
0.12,0.618310696346,0.0355680895896,0.0003662353577,0.000366235607445,-2.49745079435e-10
0.12,0.628328828803,0.0363279131098,0.000235008162791,0.000235008369087,-2.06296158108e-10
0.12,0.63834696126,0.0370988792486,0.000145181773339,0.00014518191602,-1.42680375327e-10
0.12,0.648365093716,0.0378813931477,8.62044939945e-05,8.62046051484e-05,-1.11153926341e-10
0.12,0.658383226173,0.038675876885,4.91105473996e-05,4.91106073766e-05,-5.99770389603e-11
0.12,0.66840135863,0.0394827704322,2.67940461485e-05,2.67941118475e-05,-6.56990230448e-11
0.12,0.678419491087,0.0403025326764,1.39721113845e-05,1.39721294527e-05,-1.80681771628e-11
0.12,0.688437623544,0.0411356425112,6.94918643462e-06,6.94919149567e-06,-5.06104641702e-12
0.12,0.698455756001,0.041982600002,3.28915762682e-06,3.28917471626e-06,-1.70894437924e-11
0.12,0.708473888458,0.0428439276322,1.47803019823e-06,1.47804065467e-06,-1.04564347632e-11
0.12,0.718492020915,0.0437201716373,6.28974233807e-07,6.28979313489e-07,-5.07968211765e-12
0.12,0.728510153372,0.0446119034331,2.52793272426e-07,2.52788281068e-07,4.9913578045e-12
0.12,0.738528285829,0.0455197211468,9.56835999322e-08,9.56762264289e-08,7.37350328364e-12
0.12,0.748546418286,0.0464442512598,3.40034944646e-08,3.39992155718e-08,4.27889277829e-12
0.12,0.758564550743,0.0473861503717,1.13084541731e-08,1.13164119033e-08,-7.95773017793e-12
0.12,0.768582683199,0.0483461070955,3.50733331267e-09,3.51623722825e-09,-8.90391558227e-12
0.12,0.778600815656,0.049324844097,1.01071928604e-09,1.007397265e-09,3.32202104367e-12
0.12,0.788618948113,0.0503231202898,2.69576028167e-10,2.80313863267e-10,-1.07378351002e-11
0.12,0.79863708057,0.051341733201,6.61276589042e-11,7.61680818244e-11,-1.00404229202e-11
0.12,0.808655213027,0.0523815215234,1.48492329544e-11,3.02156778331e-11,-1.53664448787e-11
0.12,0.818673345484,0.053443367871,2.98372437868e-12,7.76492086775e-12,-4.78119648907e-12
0.12,0.828691477941,0.0545282017572,6.24500451352e-13,-2.26711574861e-12,2.89161619996e-12
0.12,0.838709610398,0.0556370028172,6.93889390391e-14,-1.32026681254e-12,1.38965575158e-12
0.12,0.848727742855,0.0567708042987,0,1.16206369614e-11,-1.16206369614e-11
0.12,0.858745875312,0.0579306968464,0,8.93283472365e-12,-8.93283472365e-12
0.12,0.868764007769,0.0591178326101,0,-1.31595934236e-11,1.31595934236e-11
0.12,0.878782140225,0.0603334297102,0,1.07957540477e-11,-1.07957540477e-11
0.12,0.888800272682,0.0615787770949,0,2.82114327559e-12,-2.82114327559e-12
0.12,0.898818405139,0.062855239833,0,1.7072256369e-11,-1.7072256369e-11
0.12,0.908836537596,0.0641642648861,0,5.56350863816e-12,-5.56350863816e-12
0.12,0.918854670053,0.0655073874131,0,1.2422695251e-12,-1.2422695251e-12
0.12,0.92887280251,0.0668862376641,0,1.17442416469e-11,-1.17442416469e-11
0.12,0.938890934967,0.0683025485305,0,-1.38811882995e-11,1.38811882995e-11
0.12,0.948909067424,0.0697581638243,0,4.99571022571e-12,-4.99571022571e-12
0.12,0.958927199881,0.0712550473698,0,-1.9447490493e-12,1.9447490493e-12
0.12,0.968945332338,0.0727952930038,0,2.30928991207e-12,-2.30928991207e-12
0.12,0.978963464795,0.074381135591,0,6.50045425474e-12,-6.50045425474e-12
0.12,0.988981597252,0.0760149631763,0,6.10066142569e-12,-6.10066142569e-12
0.12,0.998999729708,0.0776993304159,0,5.2185966052e-12,-5.2185966052e-12
0.12,1.00901786217,0.079436973443,0,1.09077317491e-11,-1.09077317491e-11
0.12,1.01903599462,0.0812308263549,0,-9.34519822637e-13,9.34519822637e-13
0.12,1.02905412708,0.0830840395274,0,-8.1241090244e-13,8.1241090244e-13
0.12,1.03907225954,0.085,0,-3.09072927841e-12,3.09072927841e-12
0.218888888889,-0.463647609001,-0.025,5.29401265856e-17,5.15112492347e-17,1.4288773509e-18
0.218888888889,-0.453629476544,-0.0243769666932,1.2768698823e-16,1.24154340677e-16,3.5326475528e-18
0.218888888889,-0.443611344087,-0.0237599900872,3.01858337521e-16,2.93297294935e-16,8.56104258569e-18
0.218888888889,-0.43359321163,-0.0231488602184,6.9987788767e-16,6.79528807977e-16,2.03490796925e-17
0.218888888889,-0.423575079173,-0.0225433734096,1.59242853446e-15,1.54495913903e-15,4.74693954326e-17
0.218888888889,-0.413556946716,-0.0219433319732,3.55763274853e-15,3.44889471306e-15,1.08738035463e-16
0.218888888889,-0.403538814259,-0.0213485439287,-4.36488560907e-14,8.99544726721e-12,-9.0390961233e-12
0.218888888889,-0.393520681802,-0.0207588227338,1.6845390535e-14,1.63039467156e-14,5.4144381949e-16
0.218888888889,-0.383502549346,-0.0201739870282,-1.44145009687e-14,-9.02070148652e-12,9.00628698556e-12
0.218888888889,-0.373484416889,-0.0195938603902,2.50908155892e-14,-9.0091628512e-12,9.03425366679e-12
0.218888888889,-0.363466284432,-0.0190182711034,6.66673824499e-15,-8.95446013108e-12,8.96112686932e-12
0.218888888889,-0.353448151975,-0.0184470519352,-2.75221315142e-14,9.43018183828e-12,-9.4577039698e-12
0.218888888889,-0.343430019518,-0.0178800399241,-7.0186779316e-16,9.74822532271e-12,-9.7489271905e-12
0.218888888889,-0.333411887061,-0.0173170761779,3.98862373499e-14,1.03471373116e-11,-1.03072510743e-11
0.218888888889,-0.323393754604,-0.0167580056787,3.41319761602e-14,1.14774007091e-11,-1.14432687329e-11
0.218888888889,-0.313375622147,-0.0162026770985,1.01917184078e-13,-4.69568047621e-12,4.79759766028e-12
0.218888888889,-0.30335748969,-0.0156509426205,1.64725327732e-13,-9.88989347078e-12,1.00546187985e-11
0.218888888889,-0.293339357233,-0.0151026577694,3.04458051866e-13,-2.64846341775e-12,2.95292146962e-12
0.218888888889,-0.283321224776,-0.0145576812471,6.05546845611e-13,1.04458539412e-11,-9.84030709554e-12
0.218888888889,-0.273303092319,-0.0140158747764,1.14586726039e-12,-2.53525399677e-12,3.68112125716e-12
0.218888888889,-0.263284959863,-0.0134771029497,2.09259419478e-12,1.16225920107e-11,-9.52999781595e-12
0.218888888889,-0.253266827406,-0.0129412330837,3.86949844187e-12,2.44600289988e-12,1.42349554199e-12
0.218888888889,-0.243248694949,-0.0124081350797,6.94463250194e-12,9.69085943154e-13,5.97554655878e-12
0.218888888889,-0.233230562492,-0.0118776812888,1.23297146358e-11,7.30754449461e-12,5.02217014115e-12
0.218888888889,-0.223212430035,-0.0113497463819,2.17514751145e-11,2.68116220668e-11,-5.06014695233e-12
0.218888888889,-0.213194297578,-0.0108242072238,3.7868069301e-11,4.82482604381e-11,-1.03801911372e-11
0.218888888889,-0.203176165121,-0.0103009427524,6.52742010594e-11,5.67888661432e-11,8.48533491621e-12
0.218888888889,-0.193158032664,-0.00977983386053,1.11349583653e-10,1.10499336298e-10,8.50247355329e-13
0.218888888889,-0.183139900207,-0.00926076328247,1.88009993253e-10,1.87403312893e-10,6.0668036079e-13
0.218888888889,-0.17312176775,-0.00874361548341,3.14362407941e-10,3.0515699504e-10,9.20541290129e-12
0.218888888889,-0.163103635293,-0.00822827655213,5.20656779537e-10,5.09312915909e-10,1.1343863628e-11
0.218888888889,-0.153085502837,-0.00771463409674,8.5427794261e-10,8.46113711279e-10,8.16423133084e-12
0.218888888889,-0.14306737038,-0.00720257714313,1.38880164268e-09,1.37692476211e-09,1.18768805648e-11
0.218888888889,-0.133049237923,-0.00669199603594,2.23756389379e-09,2.23758501919e-09,-2.11254016426e-14
0.218888888889,-0.123031105466,-0.00618278234193,3.57314689737e-09,3.567597729e-09,5.54916837084e-12
0.218888888889,-0.113012973009,-0.00567482875553,5.65646485327e-09,5.6585190358e-09,-2.05418253096e-12
0.218888888889,-0.102994840552,-0.00516802900634,8.87813129223e-09,8.87396742967e-09,4.16386255377e-12
0.218888888889,-0.092976708095,-0.00466227776851,1.38177944818e-08,1.3812464624e-08,5.32985779635e-12
0.218888888889,-0.0829585756381,-0.00415747057172,2.13284294978e-08,2.13265712518e-08,1.85824608106e-12
0.218888888889,-0.0729404431812,-0.00365350371365,3.26541385136e-08,3.26479831351e-08,6.15537844036e-12
0.218888888889,-0.0629223107243,-0.00315027417389,4.95939802748e-08,4.95836772769e-08,1.03029979228e-11
0.218888888889,-0.0529041782674,-0.00264767952885,7.47275923099e-08,7.47209792979e-08,6.61301201367e-12
0.218888888889,-0.0428860458105,-0.00214561786788,1.11722757182e-07,1.11720488474e-07,2.26870781766e-12
0.218888888889,-0.0328679133536,-0.00164398771014,1.65750756522e-07,1.65755402998e-07,-4.64647588931e-12
0.218888888889,-0.0228497808966,-0.0011426879223,2.44041942128e-07,2.44038514468e-07,3.42765972261e-12
0.218888888889,-0.0128316484397,-0.000641617636745,3.5662156573e-07,3.56611145471e-07,1.04202590549e-11
0.218888888889,-0.00281351598282,-0.000140676170333,5.17275023574e-07,5.1727640106e-07,-1.37748612282e-12
0.218888888889,0.00720461647409,0.000360237056607,7.44800665245e-07,7.44798885197e-07,1.78004735803e-12
0.218888888889,0.017222748931,0.000861222601068,1.06461999849e-06,1.06461937254e-06,6.25947981107e-13
0.218888888889,0.0272408813879,0.00136238107812,1.51082452587e-06,1.51083010894e-06,-5.58306576981e-12
0.218888888889,0.0372590138448,0.00186381324178,2.12874954768e-06,2.12874765865e-06,1.88903587817e-12
0.218888888889,0.0472771463017,0.00236562006609,2.97817385079e-06,2.97817016182e-06,3.68896891065e-12
0.218888888889,0.0572952787587,0.00286790282662,4.13724996479e-06,4.13725076268e-06,-7.97891915773e-13
0.218888888889,0.0673134112156,0.00337076318243,5.70727138576e-06,5.70727980251e-06,-8.41675160795e-12
0.218888888889,0.0773315436725,0.0038743032587,7.8183780603e-06,7.81838563196e-06,-7.57165743949e-12
0.218888888889,0.0873496761294,0.00437862573024,1.06362867226e-05,1.06362943419e-05,-7.61938951128e-12
0.218888888889,0.0973678085863,0.00488383390582,1.43701066217e-05,1.43701155669e-05,-8.94513654398e-12
0.218888888889,0.107385941043,0.0053900318137,1.92812589502e-05,1.92812630454e-05,-4.09520019892e-12
0.218888888889,0.1174040735,0.00589732428833,2.56934587701e-05,2.56934703926e-05,-1.1622459058e-11
0.218888888889,0.127422205957,0.00640581705854,3.40036356943e-05,3.40036495213e-05,-1.38269418837e-11
0.218888888889,0.137440338414,0.00691561683719,4.46935643198e-05,4.46935818569e-05,-1.75370587057e-11
0.218888888889,0.147458470871,0.00742683141263,5.83418439078e-05,5.83418603187e-05,-1.64109072807e-11
0.218888888889,0.157476603328,0.00793956974201,7.5635709619e-05,7.56357367022e-05,-2.70832470762e-11
0.218888888889,0.167494735785,0.0084539420467,9.73819779246e-05,9.73820091428e-05,-3.1218172375e-11
0.218888888889,0.177512868242,0.0089700599099,0.000124516229871,0.00012451625925,-2.93790108344e-11
0.218888888889,0.187531000699,0.0094880363768,0.00015810912927,0.000158109172467,-4.3197507393e-11
0.218888888889,0.197549133155,0.0100079860572,0.000199368567764,0.000199368616537,-4.87725654948e-11
0.218888888889,0.207567265612,0.0105300252314,0.000249636146658,0.000249636208537,-6.18792168655e-11
0.218888888889,0.217585398069,0.0110542719582,0.000310376366127,0.000310376437794,-7.16678854934e-11
0.218888888889,0.227603530526,0.0115808461875,0.000383156822539,0.000383156902426,-7.98863212994e-11
0.218888888889,0.237621662983,0.0121098698755,0.000469617746674,0.000469617834535,-8.7860715231e-11
0.218888888889,0.24763979544,0.0126414671037,0.0005714293785,0.000571429481686,-1.03186895118e-10
0.218888888889,0.257657927897,0.0131757642024,0.0006902360015,0.000690236117016,-1.15515742805e-10
0.218888888889,0.267676060354,0.0137128898779,0.000827585977658,0.000827586104014,-1.26356063958e-10
0.218888888889,0.277694192811,0.0142529753449,0.000984847852285,0.000984847985785,-1.33500230402e-10
0.218888888889,0.287712325268,0.0147961544633,0.0011631135423,0.00116311368581,-1.43515567919e-10
0.218888888889,0.297730457725,0.0153425638804,0.00136309077039,0.00136309091893,-1.48537781684e-10
0.218888888889,0.307748590181,0.0158923431784,0.00158498822572,0.00158498837609,-1.50367143216e-10
0.218888888889,0.317766722638,0.0164456350284,0.00182839835698,0.00182839850637,-1.4938886933e-10
0.218888888889,0.327784855095,0.0170025853497,0.00209218414426,0.00209218428584,-1.41577930803e-10
0.218888888889,0.337802987552,0.0175633434769,0.00237437753142,0.00237437766545,-1.3402578743e-10
0.218888888889,0.347821120009,0.0181280623329,0.00267209828078,0.00267209839492,-1.1413854974e-10
0.218888888889,0.357839252466,0.0186968986103,0.00298150267405,0.00298150276895,-9.48968113292e-11
0.218888888889,0.367857384923,0.0192700129608,0.00329777155262,0.00329777161772,-6.51039448046e-11
0.218888888889,0.37787551738,0.0198475701924,0.00361514650661,0.00361514653939,-3.27728660182e-11
0.218888888889,0.387893649837,0.0204297394763,0.00392702145679,0.00392702145338,3.41325231967e-12
0.218888888889,0.397911782294,0.0210166945635,0.00422609435135,0.00422609429945,5.18977543232e-11
0.218888888889,0.407929914751,0.0216086140109,0.00450458022886,0.00450458013161,9.7256629833e-11
0.218888888889,0.417948047208,0.0222056814195,0.00475448258433,0.00475448244675,1.37584122914e-10
0.218888888889,0.427966179664,0.022808085683,0.00496791504162,0.00496791485587,1.85752810702e-10
0.218888888889,0.437984312121,0.0234160212496,0.00513746012245,0.00513745989674,2.25714459276e-10
0.218888888889,0.448002444578,0.0240296883965,0.00525654686226,0.0052565466119,2.50361936044e-10
0.218888888889,0.458020577035,0.0246492935189,0.00531982468806,0.00531982439779,2.90264519018e-10
0.218888888889,0.468038709492,0.0252750494334,0.00532350791297,0.00532350760136,3.11616600579e-10
0.218888888889,0.478056841949,0.0259071756975,0.00526566395943,0.0052656636455,3.13930813636e-10
0.218888888889,0.488074974406,0.0265458989466,0.00514641944581,0.00514641914102,3.04791258204e-10
0.218888888889,0.498093106863,0.0271914532482,0.00496806182622,0.00496806153779,2.88434091715e-10
0.218888888889,0.50811123932,0.0278440804762,0.00473502038788,0.0047350201041,2.83783331903e-10
0.218888888889,0.518129371777,0.0285040307055,0.0044537188067,0.00445371855672,2.49983257185e-10
0.218888888889,0.528147504234,0.0291715626291,0.00413230155295,0.00413230136308,1.89873377437e-10
0.218888888889,0.53816563669,0.0298469439978,0.00378024733594,0.00378024717568,1.60260659344e-10
0.218888888889,0.548183769147,0.0305304520865,0.00340789337246,0.00340789328138,9.10848722835e-11
0.218888888889,0.558201901604,0.0312223741863,0.00302590333925,0.00302590327671,6.25389419071e-11
0.218888888889,0.568220034061,0.0319230081263,0.00264471825431,0.00264471825435,-4.17626003224e-14
0.218888888889,0.578238166518,0.0326326628259,0.0022740322686,0.00227403232108,-5.24790115877e-11
0.218888888889,0.588256298975,0.0333516588807,0.00192233386237,0.00192233393805,-7.56775477787e-11
0.218888888889,0.598274431432,0.0340803291834,0.0015965471608,0.00159654727136,-1.10567350414e-10
0.218888888889,0.608292563889,0.034819019584,0.00130179850406,0.00130179866065,-1.56591241493e-10
0.218888888889,0.618310696346,0.0355680895896,0.00104132107076,0.00104132123082,-1.60060809875e-10
0.218888888889,0.628328828803,0.0363279131098,0.000816496723392,0.000816496886226,-1.62833660618e-10
0.218888888889,0.63834696126,0.0370988792486,0.000627021017503,0.00062702117162,-1.54116999111e-10
0.218888888889,0.648365093716,0.0378813931477,0.000471166160393,0.000471166301112,-1.40719065523e-10
0.218888888889,0.658383226173,0.038675876885,0.000346109003332,0.000346109112321,-1.08988889962e-10
0.218888888889,0.66840135863,0.0394827704322,0.000248287771454,0.00024828788979,-1.18335961256e-10
0.218888888889,0.678419491087,0.0403025326764,0.000173752383523,0.000173752468113,-8.45899875753e-11
0.218888888889,0.688437623544,0.0411356425112,0.000118478413261,0.000118478478396,-6.51356071944e-11
0.218888888889,0.698455756001,0.041982600002,7.86229360783e-05,7.86230025679e-05,-6.6489615029e-11
0.218888888889,0.708473888458,0.0428439276322,5.07102423941e-05,5.07102876342e-05,-4.52400586611e-11
0.218888888889,0.718492020915,0.0437201716373,3.17451336745e-05,3.17451790385e-05,-4.53639788494e-11
0.218888888889,0.728510153372,0.0446119034331,1.92598750837e-05,1.92598986124e-05,-2.35287130491e-11
0.218888888889,0.738528285829,0.0455197211468,1.1306876338e-05,1.13068851333e-05,-8.7953450946e-12
0.218888888889,0.748546418286,0.0464442512598,6.41235849141e-06,6.41236300377e-06,-4.51235554998e-12
0.218888888889,0.758564550743,0.0473861503717,3.5067409393e-06,3.50674643399e-06,-5.49469757888e-12
0.218888888889,0.768582683199,0.0483461070955,1.84575028872e-06,1.84577488416e-06,-2.45954385331e-11
0.218888888889,0.778600815656,0.049324844097,9.33129684633e-07,9.33137636867e-07,-7.95223457396e-12
0.218888888889,0.788618948113,0.0503231202898,4.52133469553e-07,4.5214494092e-07,-1.1471367042e-11
0.218888888889,0.79863708057,0.051341733201,2.09477366009e-07,2.09495554093e-07,-1.8188084502e-11
0.218888888889,0.808655213027,0.0523815215234,9.25704651822e-08,9.25825378055e-08,-1.2072623283e-11
0.218888888889,0.818673345484,0.053443367871,3.89148435698e-08,3.89342314576e-08,-1.93878877796e-11
0.218888888889,0.828691477941,0.0545282017572,1.55175872152e-08,1.55267082518e-08,-9.12103660829e-12
0.218888888889,0.838709610398,0.0556370028172,5.85143045129e-09,5.84276241993e-09,8.66803135345e-12
0.218888888889,0.848727742855,0.0567708042987,2.07986405876e-09,2.08484480678e-09,-4.98074801888e-12
0.218888888889,0.858745875312,0.0579306968464,6.94166946147e-10,7.08221856377e-10,-1.40549102304e-11
0.218888888889,0.868764007769,0.0591178326101,2.16909823436e-10,2.03128865291e-10,1.37809581455e-11
0.218888888889,0.878782140225,0.0603334297102,6.32827124036e-11,6.25172561289e-11,7.65456274754e-13
0.218888888889,0.888800272682,0.0615787770949,1.70696790036e-11,2.45216470827e-11,-7.45196807907e-12
0.218888888889,0.898818405139,0.062855239833,4.16333634234e-12,1.71449280554e-11,-1.2981591713e-11
0.218888888889,0.908836537596,0.0641642648861,9.71445146547e-13,1.5251949443e-11,-1.42805042964e-11
0.218888888889,0.918854670053,0.0655073874131,1.38777878078e-13,1.24515697232e-12,-1.10637909424e-12
0.218888888889,0.92887280251,0.0668862376641,1.38777878078e-13,1.17451736271e-11,-1.1606395749e-11
0.218888888889,0.938890934967,0.0683025485305,1.38777878078e-13,-1.38811882995e-11,1.40199661776e-11
0.218888888889,0.948909067424,0.0697581638243,0,4.99571022571e-12,-4.99571022571e-12
0.218888888889,0.958927199881,0.0712550473698,0,-1.9447490493e-12,1.9447490493e-12
0.218888888889,0.968945332338,0.0727952930038,0,2.30928991207e-12,-2.30928991207e-12
0.218888888889,0.978963464795,0.074381135591,0,6.50045425474e-12,-6.50045425474e-12
0.218888888889,0.988981597252,0.0760149631763,0,6.10066142569e-12,-6.10066142569e-12
0.218888888889,0.998999729708,0.0776993304159,0,5.2185966052e-12,-5.2185966052e-12
0.218888888889,1.00901786217,0.079436973443,0,1.09077317491e-11,-1.09077317491e-11
0.218888888889,1.01903599462,0.0812308263549,0,-9.34519822637e-13,9.34519822637e-13
0.218888888889,1.02905412708,0.0830840395274,0,-8.1241090244e-13,8.1241090244e-13
0.218888888889,1.03907225954,0.085,0,-3.09072927841e-12,3.09072927841e-12
0.317777777778,-0.463647609001,-0.025,9.48553707333e-14,-6.06646663815e-12,6.16132200888e-12
0.317777777778,-0.453629476544,-0.0243769666932,1.05853676923e-13,-3.99157728185e-12,4.09743095877e-12
0.317777777778,-0.443611344087,-0.0237599900872,2.08126711612e-13,8.51912209349e-12,-8.31099538188e-12
0.317777777778,-0.43359321163,-0.0231488602184,3.59015353504e-13,-2.60950444133e-12,2.96851979484e-12
0.317777777778,-0.423575079173,-0.0225433734096,5.63169797763e-13,-9.21528718973e-12,9.77845698749e-12
0.317777777778,-0.413556946716,-0.0219433319732,9.73315955047e-13,8.28994914981e-13,1.44321040066e-13
0.317777777778,-0.403538814259,-0.0213485439287,1.76620896702e-12,5.80931981645e-12,-4.04311084942e-12
0.317777777778,-0.393520681802,-0.0207588227338,3.07007540328e-12,4.64135798688e-12,-1.5712825836e-12
0.317777777778,-0.383502549346,-0.0201739870282,5.26597920414e-12,9.94179674711e-12,-4.67581754296e-12
0.317777777778,-0.373484416889,-0.0195938603902,8.86665901227e-12,5.30436954852e-12,3.56228946375e-12
0.317777777778,-0.363466284432,-0.0190182711034,1.48651427897e-11,2.14101735477e-11,-6.545030758e-12
0.317777777778,-0.353448151975,-0.0184470519352,2.45740399806e-11,2.34127689917e-11,1.16127098899e-12
0.317777777778,-0.343430019518,-0.0178800399241,4.019882545e-11,4.6179478004e-11,-5.98065255404e-12
0.317777777778,-0.333411887061,-0.0173170761779,6.51765833797e-11,5.99605763627e-11,5.21600701701e-12
0.317777777778,-0.323393754604,-0.0167580056787,1.0467340486e-10,1.05462410765e-10,-7.89005904855e-13
0.317777777778,-0.313375622147,-0.0162026770985,1.66487723911e-10,1.52630347625e-10,1.38573762858e-11
0.317777777778,-0.30335748969,-0.0156509426205,2.62310650508e-10,2.52248622706e-10,1.00620278018e-11
0.317777777778,-0.293339357233,-0.0151026577694,4.09676867253e-10,4.1686460709e-10,-7.1877398372e-12
0.317777777778,-0.283321224776,-0.0145576812471,6.34302370126e-10,6.29042325307e-10,5.26004481863e-12
0.317777777778,-0.273303092319,-0.0140158747764,9.7386645526e-10,9.82118672924e-10,-8.25221766449e-12
0.317777777778,-0.263284959863,-0.0134771029497,1.48285014342e-09,1.47792880661e-09,4.92133680658e-12
0.317777777778,-0.253266827406,-0.0129412330837,2.23964030613e-09,2.23857085261e-09,1.06945351841e-12
0.317777777778,-0.243248694949,-0.0124081350797,3.35619779179e-09,3.36171444628e-09,-5.51665449068e-12
0.317777777778,-0.233230562492,-0.0118776812888,4.99091274357e-09,4.98121269723e-09,9.7000463349e-12
0.317777777778,-0.223212430035,-0.0113497463819,7.36631732981e-09,7.36866618156e-09,-2.34885175036e-12
0.317777777778,-0.213194297578,-0.0108242072238,1.07927292479e-08,1.0796327535e-08,-3.59828708094e-12
0.317777777778,-0.203176165121,-0.0103009427524,1.56997818878e-08,1.57016976999e-08,-1.91581211126e-12
0.317777777778,-0.193158032664,-0.00977983386053,2.26780381198e-08,2.26695004869e-08,8.53763286371e-12
0.317777777778,-0.183139900207,-0.00926076328247,3.253358191e-08,3.25327081513e-08,8.7375871088e-13
0.317777777778,-0.17312176775,-0.00874361548341,4.63589852887e-08,4.63526265324e-08,6.35875633066e-12
0.317777777778,-0.163103635293,-0.00822827655213,6.56252251156e-08,6.56250993574e-08,1.25758198306e-13
0.317777777778,-0.153085502837,-0.00771463409674,9.22995913819e-08,9.23024452639e-08,-2.85388206026e-12
0.317777777778,-0.14306737038,-0.00720257714313,1.28995492607e-07,1.28988227478e-07,7.26512837638e-12
0.317777777778,-0.133049237923,-0.00669199603594,1.79162353692e-07,1.79158289104e-07,4.0645873656e-12
0.317777777778,-0.123031105466,-0.00618278234193,2.47323757879e-07,2.47331819259e-07,-8.06137944235e-12
0.317777777778,-0.113012973009,-0.00567482875553,3.39374235732e-07,3.39377651812e-07,-3.41607931204e-12
0.317777777778,-0.102994840552,-0.00516802900634,4.62946360952e-07,4.62950361275e-07,-4.00032298658e-12
0.317777777778,-0.092976708095,-0.00466227776851,6.27861631458e-07,6.27868627579e-07,-6.99612107412e-12
0.317777777778,-0.0829585756381,-0.00415747057172,8.46679729687e-07,8.46670460702e-07,9.26898502695e-12
0.317777777778,-0.0729404431812,-0.00365350371365,1.1353634042e-06,1.13535847171e-06,4.93248509079e-12
0.317777777778,-0.0629223107243,-0.00315027417389,1.51407566396e-06,1.51407827252e-06,-2.60856861421e-12
0.317777777778,-0.0529041782674,-0.00264767952885,2.0081296264e-06,2.00813384435e-06,-4.21795504187e-12
0.317777777778,-0.0428860458105,-0.00214561786788,2.64910974449e-06,2.64910955641e-06,1.88077619817e-13
0.317777777778,-0.0328679133536,-0.00164398771014,3.47618491047e-06,3.47618472051e-06,1.89965923071e-13
0.317777777778,-0.0228497808966,-0.0011426879223,4.53763240656e-06,4.53763004945e-06,2.35711440109e-12
0.317777777778,-0.0128316484397,-0.000641617636745,5.89259018467e-06,5.89258765714e-06,2.5275306716e-12
0.317777777778,-0.00281351598282,-0.000140676170333,7.61305220657e-06,7.61304668432e-06,5.52224818607e-12
0.317777777778,0.00720461647409,0.000360237056607,9.78611678939e-06,9.78612749695e-06,-1.07075571605e-11
0.317777777778,0.017222748931,0.000861222601068,1.25164911601e-05,1.25164956942e-05,-4.53409022906e-12
0.317777777778,0.0272408813879,0.00136238107812,1.59292477303e-05,1.59292549472e-05,-7.21687457245e-12
0.317777777778,0.0372590138448,0.00186381324178,2.01728155954e-05,2.01728175519e-05,-1.95649173471e-12
0.317777777778,0.0472771463017,0.00236562006609,2.54221772618e-05,2.54221841671e-05,-6.90533606112e-12
0.317777777778,0.0572952787587,0.00286790282662,3.18822241027e-05,3.18822304736e-05,-6.37091392825e-12
0.317777777778,0.0673134112156,0.00337076318243,3.97912040953e-05,3.97912189742e-05,-1.48789498991e-11
0.317777777778,0.0773315436725,0.0038743032587,4.94241722167e-05,4.94241884519e-05,-1.62351922542e-11
0.317777777778,0.0873496761294,0.00437862573024,6.10963292302e-05,6.109634012e-05,-1.08897947354e-11
0.317777777778,0.0973678085863,0.00488383390582,7.51661048427e-05,7.51661182317e-05,-1.3389099142e-11
0.317777777778,0.107385941043,0.0053900318137,9.20378126047e-05,9.20378252048e-05,-1.26001161002e-11
0.317777777778,0.1174040735,0.00589732428833,0.000112163671655,0.000112163693673,-2.20175481308e-11
0.317777777778,0.127422205957,0.00640581705854,0.000136044959932,0.000136044982968,-2.30359703752e-11
0.317777777778,0.137440338414,0.00691561683719,0.000164232034112,0.000164232058689,-2.45776868096e-11
0.317777777778,0.147458470871,0.00742683141263,0.000197322925539,0.000197322961687,-3.61483445716e-11
0.317777777778,0.157476603328,0.00793956974201,0.000235960201852,0.000235960237213,-3.53609697946e-11
0.317777777778,0.167494735785,0.0084539420467,0.000280825772526,0.00028082581112,-3.85938287079e-11
0.317777777778,0.177512868242,0.0089700599099,0.000332633317006,0.000332633357935,-4.09299672605e-11
0.317777777778,0.187531000699,0.0094880363768,0.000392118027966,0.000392118084463,-5.64972089836e-11
0.317777777778,0.197549133155,0.0100079860572,0.000460023395519,0.000460023448693,-5.31743725115e-11
0.317777777778,0.207567265612,0.0105300252314,0.000537084810884,0.000537084873156,-6.22712196478e-11
0.317777777778,0.217585398069,0.0110542719582,0.000624009844916,0.00062400991113,-6.62138869125e-11
0.317777777778,0.227603530526,0.0115808461875,0.00072145516018,0.000721455228258,-6.80780796319e-11
0.317777777778,0.237621662983,0.0121098698755,0.000830000144974,0.000830000221311,-7.6336457446e-11
0.317777777778,0.24763979544,0.0126414671037,0.000950117515937,0.000950117593057,-7.71198539057e-11
0.317777777778,0.257657927897,0.0131757642024,0.00108214131984,0.00108214140054,-8.0696557726e-11
0.317777777778,0.267676060354,0.0137128898779,0.00122623297178,0.00122623305269,-8.09060930231e-11
0.317777777778,0.277694192811,0.0142529753449,0.00138234619255,0.00138234627592,-8.33634053714e-11
0.317777777778,0.287712325268,0.0147961544633,0.00155019194175,0.00155019203298,-9.12269049365e-11
0.317777777778,0.297730457725,0.0153425638804,0.00172920467707,0.00172920476104,-8.39671982118e-11
0.317777777778,0.307748590181,0.0158923431784,0.00191851148987,0.00191851156675,-7.68767439031e-11
0.317777777778,0.317766722638,0.0164456350284,0.0021169058572,0.00211690593099,-7.37850518531e-11
0.317777777778,0.327784855095,0.0170025853497,0.00232282789319,0.00232282796203,-6.88366009159e-11
0.317777777778,0.337802987552,0.0175633434769,0.00253435305901,0.00253435311591,-5.69057314291e-11
0.317777777778,0.347821120009,0.0181280623329,0.0027491912809,0.0027491913231,-4.21969703103e-11
0.317777777778,0.357839252466,0.0186968986103,0.00296469831153,0.00296469834242,-3.08937437264e-11
0.317777777778,0.367857384923,0.0192700129608,0.00317790093455,0.00317790094737,-1.28182833271e-11
0.317777777778,0.37787551738,0.0198475701924,0.00338553724348,0.00338553723882,4.6596684844e-12
0.317777777778,0.387893649837,0.0204297394763,0.00358411271955,0.00358411269799,2.15577161157e-11
0.317777777778,0.397911782294,0.0210166945635,0.00376997218748,0.00376997214006,4.74185534588e-11
0.317777777778,0.407929914751,0.0216086140109,0.00393938696014,0.00393938689093,6.92086084622e-11
0.317777777778,0.417948047208,0.0222056814195,0.00408865561253,0.00408865552324,8.92965588625e-11
0.317777777778,0.427966179664,0.022808085683,0.00421421588918,0.00421421578494,1.04241290946e-10
0.317777777778,0.437984312121,0.0234160212496,0.00431276429779,0.00431276417175,1.26035432091e-10
0.317777777778,0.448002444578,0.0240296883965,0.0043813790305,0.00438137889941,1.31090769316e-10
0.317777777778,0.458020577035,0.0246492935189,0.0044176410572,0.00441764090151,1.55688706718e-10
0.317777777778,0.468038709492,0.0252750494334,0.0044197476217,0.0044197474527,1.6900240582e-10
0.317777777778,0.478056841949,0.0259071756975,0.00438661202083,0.00438661184894,1.71885755629e-10
0.317777777778,0.488074974406,0.0265458989466,0.00431794352413,0.00431794335643,1.67698825312e-10
0.317777777778,0.498093106863,0.0271914532482,0.0042143016564,0.0042143014922,1.64196825407e-10
0.317777777778,0.50811123932,0.0278440804762,0.00407711984935,0.00407711967577,1.73583711641e-10
0.317777777778,0.518129371777,0.0285040307055,0.00390869468375,0.00390869451792,1.65828864529e-10
0.317777777778,0.528147504234,0.0291715626291,0.00371213855647,0.00371213841513,1.41343638183e-10
0.317777777778,0.53816563669,0.0298469439978,0.00349129555996,0.00349129542648,1.3348548742e-10
0.317777777778,0.548183769147,0.0305304520865,0.00325062254324,0.00325062244308,1.00154450705e-10
0.317777777778,0.558201901604,0.0312223741863,0.00299503959873,0.0029950395025,9.6229690015e-11
0.317777777778,0.568220034061,0.0319230081263,0.00272975641478,0.00272975635436,6.04248213965e-11
0.317777777778,0.578238166518,0.0326326628259,0.00246008286416,0.00246008283031,3.38469764369e-11
0.317777777778,0.588256298975,0.0333516588807,0.00219123367805,0.00219123365875,1.92982236094e-11
0.317777777778,0.598274431432,0.0340803291834,0.00192813791121,0.00192813790912,2.08712192494e-12
0.317777777778,0.608292563889,0.034819019584,0.0016752640114,0.00167526406749,-5.60824208254e-11
0.317777777778,0.618310696346,0.0355680895896,0.00143647058665,0.00143647064781,-6.11622152664e-11
0.317777777778,0.628328828803,0.0363279131098,0.00121489142604,0.00121489150905,-8.30129825557e-11
0.317777777778,0.63834696126,0.0370988792486,0.00101286105052,0.00101286112344,-7.29232071863e-11
0.317777777778,0.648365093716,0.0378813931477,0.000831884220641,0.000831884305576,-8.4934834773e-11
0.317777777778,0.658383226173,0.038675876885,0.000672649643554,0.000672649714339,-7.07842859847e-11
0.317777777778,0.66840135863,0.0394827704322,0.000535084893546,0.000535084987653,-9.41060363316e-11
0.317777777778,0.678419491087,0.0403025326764,0.000418446595221,0.000418446673255,-7.80341160612e-11
0.317777777778,0.688437623544,0.0411356425112,0.000321437515841,0.00032143757692,-6.10793590185e-11
0.317777777778,0.698455756001,0.041982600002,0.000242340610287,0.000242340694027,-8.37393496558e-11
0.317777777778,0.708473888458,0.0428439276322,0.000179159418759,0.000179159492907,-7.41482370295e-11
0.317777777778,0.718492020915,0.0437201716373,0.000129754576875,0.000129754624667,-4.77927471904e-11
0.317777777778,0.728510153372,0.0446119034331,9.19674905675e-05,9.19675189057e-05,-2.83382421262e-11
0.317777777778,0.738528285829,0.0455197211468,6.37242671825e-05,6.37243003918e-05,-3.32093142048e-11
0.317777777778,0.748546418286,0.0464442512598,4.31155110225e-05,4.31155327863e-05,-2.17638060351e-11
0.317777777778,0.758564550743,0.0473861503717,2.84502707504e-05,2.84502899573e-05,-1.92069340033e-11
0.317777777778,0.768582683199,0.0483461070955,1.82849405755e-05,1.82849706636e-05,-3.00880878372e-11
0.317777777778,0.778600815656,0.049324844097,1.14300038184e-05,1.14300124016e-05,-8.58319340082e-12
0.317777777778,0.788618948113,0.0503231202898,6.93896141934e-06,6.93897842295e-06,-1.70036096748e-11
0.317777777778,0.79863708057,0.051341733201,4.08453167122e-06,4.08454109212e-06,-9.42090177571e-12
0.317777777778,0.808655213027,0.0523815215234,2.32726227178e-06,2.32728616502e-06,-2.38932363478e-11
0.317777777778,0.818673345484,0.053443367871,1.28116878217e-06,1.28118198493e-06,-1.32027542111e-11
0.317777777778,0.828691477941,0.0545282017572,6.80096673422e-07,6.80102063023e-07,-5.38960044129e-12
0.317777777778,0.838709610398,0.0556370028172,3.47393155908e-07,3.47384891084e-07,8.26482437176e-12
0.317777777778,0.848727742855,0.0567708042987,1.70362612906e-07,1.70382563807e-07,-1.99509011742e-11
0.317777777778,0.858745875312,0.0579306968464,8.00147448299e-08,8.00187088268e-08,-3.96399688248e-12
0.317777777778,0.868764007769,0.0591178326101,3.5898228834e-08,3.58889609079e-08,9.26792605334e-12
0.317777777778,0.878782140225,0.0603334297102,1.53412005321e-08,1.53486718318e-08,-7.47129962064e-12
0.317777777778,0.888800272682,0.0615787770949,6.22585316634e-09,6.2284222608e-09,-2.56909445974e-12
0.317777777778,0.898818405139,0.062855239833,2.39155917292e-09,2.41203550731e-09,-2.04763343867e-11
0.317777777778,0.908836537596,0.0641642648861,8.6652907072e-10,8.72584864607e-10,-6.05579388718e-12
0.317777777778,0.918854670053,0.0655073874131,2.94902990916e-10,2.97281431026e-10,-2.37844010979e-12
0.317777777778,0.92887280251,0.0668862376641,9.39526234589e-11,1.09616056032e-10,-1.56634325735e-11
0.317777777778,0.938890934967,0.0683025485305,2.80331313718e-11,1.55853663308e-11,1.24477650409e-11
0.317777777778,0.948909067424,0.0697581638243,7.49400541622e-12,1.68607304767e-11,-9.36672506051e-12
0.317777777778,0.958927199881,0.0712550473698,1.94289029309e-12,-9.28328789708e-12,1.12261781902e-11
0.317777777778,0.968945332338,0.0727952930038,4.16333634234e-13,5.79913547738e-12,-5.38280184315e-12
0.317777777778,0.978963464795,0.074381135591,1.38777878078e-13,6.50201659007e-12,-6.36323871199e-12
0.317777777778,0.988981597252,0.0760149631763,1.38777878078e-13,9.1910528667e-12,-9.05227498862e-12
0.317777777778,0.998999729708,0.0776993304159,0,8.12439048328e-12,-8.12439048328e-12
0.317777777778,1.00901786217,0.079436973443,1.38777878078e-13,1.36362115176e-11,-1.34974336395e-11
0.317777777778,1.01903599462,0.0812308263549,0,-9.34519822637e-13,9.34519822637e-13
0.317777777778,1.02905412708,0.0830840395274,0,1.58230308196e-12,-1.58230308196e-12
0.317777777778,1.03907225954,0.085,0,-3.09072927841e-12,3.09072927841e-12
0.416666666667,-0.463647609001,-0.025,1.76769520319e-11,2.47632537326e-11,-7.08630170063e-12
0.416666666667,-0.453629476544,-0.0243769666932,2.85135336869e-11,2.54851741499e-11,3.02835953706e-12
0.416666666667,-0.443611344087,-0.0237599900872,4.53838138337e-11,5.00658179068e-11,-4.68200407318e-12
0.416666666667,-0.43359321163,-0.0231488602184,7.15032045028e-11,6.12556590744e-11,1.02475454283e-11
0.416666666667,-0.423575079173,-0.0225433734096,1.11617600556e-10,1.15461397064e-10,-3.84379650844e-12
0.416666666667,-0.413556946716,-0.0219433319732,1.72488404115e-10,1.75704125122e-10,-3.21572100698e-12
0.416666666667,-0.403538814259,-0.0213485439287,2.6415973703e-10,2.6573197356e-10,-1.57223652944e-12
0.416666666667,-0.393520681802,-0.0207588227338,4.00897995376e-10,4.01399999819e-10,-5.02004443451e-13
0.416666666667,-0.383502549346,-0.0201739870282,6.03135275705e-10,6.1110786885e-10,-7.9725931448e-12
0.416666666667,-0.373484416889,-0.0195938603902,8.99744878963e-10,9.05324140838e-10,-5.57926187428e-12
0.416666666667,-0.363466284432,-0.0190182711034,1.33118492177e-09,1.33403096645e-09,-2.84604468728e-12
0.416666666667,-0.353448151975,-0.0184470519352,1.95379592987e-09,1.94613258443e-09,7.66334544011e-12
0.416666666667,-0.343430019518,-0.0178800399241,2.84536108388e-09,2.84611765268e-09,-7.56568804049e-13
0.416666666667,-0.333411887061,-0.0173170761779,4.11255582329e-09,4.11732467055e-09,-4.76884725957e-12
0.416666666667,-0.323393754604,-0.0167580056787,5.90047679956e-09,5.90173995529e-09,-1.26315573431e-12
0.416666666667,-0.313375622147,-0.0162026770985,8.4052406004e-09,8.40783683486e-09,-2.59623445879e-12
0.416666666667,-0.30335748969,-0.0156509426205,1.18899991057e-08,1.18927156896e-08,-2.71658388273e-12
0.416666666667,-0.293339357233,-0.0151026577694,1.67054424472e-08,1.67036976765e-08,1.74477072982e-12
0.416666666667,-0.283321224776,-0.0145576812471,2.33161397995e-08,2.33197678994e-08,-3.62809989243e-12
0.416666666667,-0.273303092319,-0.0140158747764,3.23332406128e-08,3.23357174587e-08,-2.47684585843e-12
0.416666666667,-0.263284959863,-0.0134771029497,4.45559127111e-08,4.45437752397e-08,1.21374713991e-11
0.416666666667,-0.253266827406,-0.0129412330837,6.10224559782e-08,6.10318378749e-08,-9.38189671213e-12
0.416666666667,-0.243248694949,-0.0124081350797,8.30744393199e-08,8.30859680349e-08,-1.15287150354e-11
0.416666666667,-0.233230562492,-0.0118776812888,1.12434292878e-07,1.12429289036e-07,5.00384188569e-12
0.416666666667,-0.223212430035,-0.0113497463819,1.51301228949e-07,1.51288706267e-07,1.25226821014e-11
0.416666666667,-0.213194297578,-0.0108242072238,2.02467008485e-07,2.02465508401e-07,1.50008355479e-12
0.416666666667,-0.203176165121,-0.0103009427524,2.69456110266e-07,2.69458936779e-07,-2.82651367792e-12
0.416666666667,-0.193158032664,-0.00977983386053,3.56693527665e-07,3.56699811327e-07,-6.28366233479e-12
0.416666666667,-0.183139900207,-0.00926076328247,4.69704908907e-07,4.69705756105e-07,-8.47198089933e-13
0.416666666667,-0.17312176775,-0.00874361548341,6.1535376228e-07,6.15342026378e-07,1.17359021686e-11
0.416666666667,-0.163103635293,-0.00822827655213,8.02120488734e-07,8.02122155204e-07,-1.66647005088e-12
0.416666666667,-0.153085502837,-0.00771463409674,1.04042936267e-06,1.04043399782e-06,-4.63514549208e-12
0.416666666667,-0.14306737038,-0.00720257714313,1.34302792531e-06,1.3430262451e-06,1.68020737691e-12
0.416666666667,-0.133049237923,-0.00669199603594,1.72542626855e-06,1.72541593838e-06,1.03301725675e-11
0.416666666667,-0.123031105466,-0.00618278234193,2.20640030461e-06,2.20639455178e-06,5.7528298205e-12
0.416666666667,-0.113012973009,-0.00567482875553,2.80856612505e-06,2.80857247516e-06,-6.35011061737e-12
0.416666666667,-0.102994840552,-0.00516802900634,3.5590298693e-06,3.55902201324e-06,7.85606459909e-12
0.416666666667,-0.092976708095,-0.00466227776851,4.49011830414e-06,4.49012484527e-06,-6.54112501096e-12
0.416666666667,-0.0829585756381,-0.00415747057172,5.6401939886e-06,5.64019504323e-06,-1.05463364482e-12
0.416666666667,-0.0729404431812,-0.00365350371365,7.05455730836e-06,7.05455822561e-06,-9.1725290693e-13
0.416666666667,-0.0629223107243,-0.00315027417389,8.78643664587e-06,8.78643903124e-06,-2.38537368602e-12
0.416666666667,-0.0529041782674,-0.00264767952885,1.08980651209e-05,1.08980654329e-05,-3.11965094057e-13
0.416666666667,-0.0428860458105,-0.00214561786788,1.34618410695e-05,1.34618360384e-05,5.03109974844e-12
0.416666666667,-0.0328679133536,-0.00164398771014,1.65615642614e-05,1.65615641177e-05,1.43651780196e-13
0.416666666667,-0.0228497808966,-0.0011426879223,2.0293738161e-05,2.02937503731e-05,-1.22120998684e-11
0.416666666667,-0.0128316484397,-0.000641617636745,2.47689229848e-05,2.47689198351e-05,3.14969464356e-12
0.416666666667,-0.00281351598282,-0.000140676170333,3.0113119742e-05,3.01131296033e-05,-9.86134031421e-12
0.416666666667,0.00720461647409,0.000360237056607,3.64691600782e-05,3.64691640814e-05,-4.00318217838e-12
0.416666666667,0.017222748931,0.000861222601068,4.39980701183e-05,4.39980811238e-05,-1.10054460662e-11
0.416666666667,0.0272408813879,0.00136238107812,5.2880370644e-05,5.28803786815e-05,-8.03746916163e-12
0.416666666667,0.0372590138448,0.00186381324178,6.33172677149e-05,6.3317272164e-05,-4.44917205562e-12
0.416666666667,0.0472771463017,0.00236562006609,7.55316814775e-05,7.55316890263e-05,-7.54881958808e-12
0.416666666667,0.0572952787587,0.00286790282662,8.9769052598e-05,8.97690683428e-05,-1.57447624274e-11
0.416666666667,0.0673134112156,0.00337076318243,0.000106297858637,0.000106297874494,-1.58564633456e-11
0.416666666667,0.0773315436725,0.0038743032587,0.000125409765141,0.0001254097869,-2.1758619998e-11
0.416666666667,0.0873496761294,0.00437862573024,0.000147419329795,0.000147419352237,-2.24419447869e-11
0.416666666667,0.0973678085863,0.00488383390582,0.000172663172422,0.000172663193301,-2.08795765508e-11
0.416666666667,0.107385941043,0.0053900318137,0.000201498519342,0.000201498537118,-1.77763343867e-11
0.416666666667,0.1174040735,0.00589732428833,0.000234301028153,0.000234301055736,-2.7583203408e-11
0.416666666667,0.127422205957,0.00640581705854,0.000271461799711,0.000271461831611,-3.19001201322e-11
0.416666666667,0.137440338414,0.00691561683719,0.000313383486005,0.000313383511667,-2.56610907653e-11
0.416666666667,0.147458470871,0.00742683141263,0.000360475410693,0.000360475444888,-3.4195097112e-11
0.416666666667,0.157476603328,0.00793956974201,0.000413147628335,0.00041314767149,-4.31549428896e-11
0.416666666667,0.167494735785,0.0084539420467,0.000471803864527,0.000471803907838,-4.33109070526e-11
0.416666666667,0.177512868242,0.0089700599099,0.000536833299153,0.000536833341478,-4.23249381506e-11
0.416666666667,0.187531000699,0.0094880363768,0.000608601181455,0.000608601225236,-4.37808706389e-11
0.416666666667,0.197549133155,0.0100079860572,0.000687438296584,0.000687438349939,-5.33550571346e-11
0.416666666667,0.207567265612,0.0105300252314,0.000773629342482,0.000773629392854,-5.03716026138e-11
0.416666666667,0.217585398069,0.0110542719582,0.000867400318134,0.00086740036984,-5.17059838955e-11
0.416666666667,0.227603530526,0.0115808461875,0.000968905075162,0.000968905130196,-5.50334655234e-11
0.416666666667,0.237621662983,0.0121098698755,0.00107821123791,0.00107821129493,-5.70242455686e-11
0.416666666667,0.24763979544,0.0126414671037,0.00119528575572,0.00119528581561,-5.98902676584e-11
0.416666666667,0.257657927897,0.0131757642024,0.00131998041261,0.00131998046931,-5.67033991376e-11
0.416666666667,0.267676060354,0.0137128898779,0.00145201768021,0.00145201773406,-5.38522689983e-11
0.416666666667,0.277694192811,0.0142529753449,0.00159097736048,0.00159097742023,-5.97482588578e-11
0.416666666667,0.287712325268,0.0147961544633,0.00173628452053,0.00173628457131,-5.07871683077e-11
0.416666666667,0.297730457725,0.0153425638804,0.00188719927062,0.00188719932303,-5.24060367584e-11
0.416666666667,0.307748590181,0.0158923431784,0.00204280897368,0.00204280901997,-4.62867431016e-11
0.416666666667,0.317766722638,0.0164456350284,0.00220202349817,0.00220202353897,-4.08044748164e-11
0.416666666667,0.327784855095,0.0170025853497,0.00236357413026,0.00236357416187,-3.16160431169e-11
0.416666666667,0.337802987552,0.0175633434769,0.00252601674344,0.00252601677175,-2.83127180555e-11
0.416666666667,0.347821120009,0.0181280623329,0.0026877397786,0.00268773979881,-2.02124879334e-11
0.416666666667,0.357839252466,0.0186968986103,0.00284697751372,0.00284697752235,-8.62098240018e-12
0.416666666667,0.367857384923,0.0192700129608,0.00300182899521,0.00300182899148,3.72466814336e-12
0.416666666667,0.37787551738,0.0198475701924,0.00315028286268,0.00315028285623,6.45060654197e-12
0.416666666667,0.387893649837,0.0204297394763,0.00329024812333,0.0032902481036,1.97344675323e-11
0.416666666667,0.397911782294,0.0210166945635,0.00341959072532,0.00341959068934,3.59806585568e-11
0.416666666667,0.407929914751,0.0216086140109,0.00353617554193,0.0035361754911,5.08331497555e-11
0.416666666667,0.417948047208,0.0222056814195,0.00363791311853,0.00363791306107,5.74542705079e-11
0.416666666667,0.427966179664,0.022808085683,0.00372281025845,0.00372281018672,7.17299622477e-11
0.416666666667,0.437984312121,0.0234160212496,0.00378902324375,0.00378902316302,8.0735915349e-11
0.416666666667,0.448002444578,0.0240296883965,0.00383491221573,0.00383491213274,8.29863096644e-11
0.416666666667,0.458020577035,0.0246492935189,0.00385909499134,0.00385909489294,9.84054318066e-11
0.416666666667,0.468038709492,0.0252750494334,0.00386049838659,0.00386049827944,1.07155070841e-10
0.416666666667,0.478056841949,0.0259071756975,0.00383840496789,0.00383840485994,1.07952168038e-10
0.416666666667,0.488074974406,0.0265458989466,0.00379249308289,0.00379249297898,1.0391265539e-10
0.416666666667,0.498093106863,0.0271914532482,0.00372286804263,0.00372286794389,9.87382788378e-11
0.416666666667,0.50811123932,0.0278440804762,0.00363008245727,0.00363008233857,1.18699945706e-10
0.416666666667,0.518129371777,0.0285040307055,0.00351514397291,0.00351514385944,1.13476436581e-10
0.416666666667,0.528147504234,0.0291715626291,0.00337950902618,0.00337950893475,9.14373863084e-11
0.416666666667,0.53816563669,0.0298469439978,0.00322506171848,0.00322506161073,1.07747393473e-10
0.416666666667,0.548183769147,0.0305304520865,0.00305407750638,0.00305407743299,7.33856916207e-11
0.416666666667,0.558201901604,0.0312223741863,0.00286917208504,0.00286917199048,9.45601028035e-11
0.416666666667,0.568220034061,0.0319230081263,0.00267323657923,0.00267323651371,6.55222755393e-11
0.416666666667,0.578238166518,0.0326326628259,0.00246936091391,0.00246936085974,5.41652629867e-11
0.416666666667,0.588256298975,0.0333516588807,0.00226074796463,0.00226074791805,4.65810333014e-11
0.416666666667,0.598274431432,0.0340803291834,0.00205062174029,0.00205062171038,2.99167600415e-11
0.416666666667,0.608292563889,0.034819019584,0.0018421333706,0.001842133376,-5.39792125928e-12
0.416666666667,0.618310696346,0.0355680895896,0.00163826901142,0.00163826903395,-2.25263752963e-11
0.416666666667,0.628328828803,0.0363279131098,0.0014417638964,0.00144176392667,-3.02785420434e-11
0.416666666667,0.63834696126,0.0370988792486,0.0012550266245,0.00125502665182,-2.73198508087e-11
0.416666666667,0.648365093716,0.0378813931477,0.00108007736789,0.00108007741302,-4.51322380076e-11
0.416666666667,0.658383226173,0.038675876885,0.000918503011531,0.000918503049809,-3.8277791093e-11
0.416666666667,0.66840135863,0.0394827704322,0.000771431335686,0.000771431397026,-6.13396965599e-11
0.416666666667,0.678419491087,0.0403025326764,0.000639525265765,0.000639525313489,-4.77234694905e-11
0.416666666667,0.688437623544,0.0411356425112,0.000522997022287,0.000522997069227,-4.69396849948e-11
0.416666666667,0.698455756001,0.041982600002,0.000421640788603,0.000421640852599,-6.39956282411e-11
0.416666666667,0.708473888458,0.0428439276322,0.00033488138422,0.000334881435856,-5.1635959614e-11
0.416666666667,0.718492020915,0.0437201716373,0.000261835465878,0.000261835534648,-6.87691364357e-11
0.416666666667,0.728510153372,0.0446119034331,0.000201381091525,0.000201381135736,-4.42110840125e-11
0.416666666667,0.738528285829,0.0455197211468,0.000152231105499,0.000152231124759,-1.92600427794e-11
0.416666666667,0.748546418286,0.0464442512598,0.000113005803395,0.000113005833678,-3.02825600967e-11
0.416666666667,0.758564550743,0.0473861503717,8.2300687862e-05,8.2300725441e-05,-3.7579007614e-11
0.416666666667,0.768582683199,0.0483461070955,5.87458127282e-05,5.87458551141e-05,-4.23858526402e-11
0.416666666667,0.778600815656,0.049324844097,4.10541379364e-05,4.10541586498e-05,-2.0713341849e-11
0.416666666667,0.788618948113,0.0503231202898,2.80574037614e-05,2.80574273804e-05,-2.3618934716e-11
0.416666666667,0.79863708057,0.051341733201,1.87291500364e-05,1.87291793482e-05,-2.93117392337e-11
0.416666666667,0.808655213027,0.0523815215234,1.21955373578e-05,1.21955686624e-05,-3.13046795517e-11
0.416666666667,0.818673345484,0.053443367871,7.73549314881e-06,7.73550201521e-06,-8.86640066922e-12
0.416666666667,0.828691477941,0.0545282017572,4.77229679385e-06,4.77230252812e-06,-5.73426267407e-12
0.416666666667,0.838709610398,0.0556370028172,2.85903842268e-06,2.85903216114e-06,6.2615372956e-12
0.416666666667,0.848727742855,0.0567708042987,1.66040819982e-06,1.66041155693e-06,-3.35710886173e-12
0.416666666667,0.858745875312,0.0579306968464,9.3305072002e-07,9.330748032e-07,-2.40831798948e-11
0.416666666667,0.868764007769,0.0591178326101,5.06317487936e-07,5.06300893734e-07,1.6594201924e-11
0.416666666667,0.878782140225,0.0603334297102,2.64749056011e-07,2.64751446614e-07,-2.39060268976e-12
0.416666666667,0.888800272682,0.0615787770949,1.33086042187e-07,1.33088707669e-07,-2.66548220128e-12
0.416666666667,0.898818405139,0.062855239833,6.41547925895e-08,6.41690407911e-08,-1.42482015769e-11
0.416666666667,0.908836537596,0.0641642648861,2.95770352654e-08,2.95826945754e-08,-5.65931004316e-12
0.416666666667,0.918854670053,0.0655073874131,1.30027932865e-08,1.30163686216e-08,-1.35753350835e-11
0.416666666667,0.92887280251,0.0668862376641,5.43384781615e-09,5.44121375495e-09,-7.36593880508e-12
0.416666666667,0.938890934967,0.0683025485305,2.15105711021e-09,2.14111577253e-09,9.94133768362e-12
0.416666666667,0.948909067424,0.0697581638243,8.03662691951e-10,8.14805563732e-10,-1.11428717815e-11
0.416666666667,0.958927199881,0.0712550473698,2.82274204011e-10,2.8562206311e-10,-3.34785909932e-12
0.416666666667,0.968945332338,0.0727952930038,9.28424004343e-11,1.02084797213e-10,-9.24239677846e-12
0.416666666667,0.978963464795,0.074381135591,2.8449465006e-11,3.67149644021e-11,-8.26549939603e-12
0.416666666667,0.988981597252,0.0760149631763,8.04911692853e-12,9.3752046057e-12,-1.32608767717e-12
0.416666666667,0.998999729708,0.0776993304159,1.94289029309e-12,2.359758439e-12,-4.16868145905e-13
0.416666666667,1.00901786217,0.079436973443,5.55111512313e-13,1.09181342352e-11,-1.03630227229e-11
0.416666666667,1.01903599462,0.0812308263549,0,-6.04858654482e-12,6.04858654482e-12
0.416666666667,1.02905412708,0.0830840395274,1.38777878078e-13,1.58293972548e-12,-1.4441618474e-12
0.416666666667,1.03907225954,0.085,0,-3.09072927841e-12,3.09072927841e-12
0.515555555556,-0.463647609001,-0.025,6.33274929184e-10,6.37706817496e-10,-4.43188831226e-12
0.515555555556,-0.453629476544,-0.0243769666932,9.30042235249e-10,9.30329166004e-10,-2.86930754488e-13
0.515555555556,-0.443611344087,-0.0237599900872,1.35429044213e-09,1.36348970407e-09,-9.19926194647e-12
0.515555555556,-0.43359321163,-0.0231488602184,1.9559599271e-09,1.95729712744e-09,-1.33720034194e-12
0.515555555556,-0.423575079173,-0.0225433734096,2.80253390615e-09,2.80237775467e-09,1.56151478164e-13
0.515555555556,-0.413556946716,-0.0219433319732,3.98455483066e-09,3.97052376319e-09,1.40310674691e-11
0.515555555556,-0.403538814259,-0.0213485439287,5.62282826851e-09,5.6335131393e-09,-1.06848707894e-11
0.515555555556,-0.393520681802,-0.0207588227338,7.87720499013e-09,7.86895152034e-09,8.25346978406e-12
0.515555555556,-0.383502549346,-0.0201739870282,1.09579310689e-08,1.09639051837e-08,-5.9741148108e-12
0.515555555556,-0.373484416889,-0.0195938603902,1.5139365464e-08,1.51445940828e-08,-5.22861876623e-12
0.515555555556,-0.363466284432,-0.0190182711034,2.0777592995e-08,2.07812283065e-08,-3.63531149757e-12
0.515555555556,-0.353448151975,-0.0184470519352,2.8331743346e-08,2.83272298132e-08,4.51353283599e-12
0.515555555556,-0.343430019518,-0.0178800399241,3.83901672912e-08,3.83884732294e-08,1.69406175051e-12
0.515555555556,-0.333411887061,-0.0173170761779,5.17022875475e-08,5.16947253566e-08,7.56219092288e-12
0.515555555556,-0.323393754604,-0.0167580056787,6.92172867943e-08,6.92101656777e-08,7.12111660573e-12
0.515555555556,-0.313375622147,-0.0162026770985,9.2130367964e-08,9.21278245119e-08,2.54345209935e-12
0.515555555556,-0.30335748969,-0.0156509426205,1.21938569068e-07,1.21931476868e-07,7.09220023845e-12
0.515555555556,-0.293339357233,-0.0151026577694,1.60506402638e-07,1.60517494517e-07,-1.10918797338e-11
0.515555555556,-0.283321224776,-0.0145576812471,2.10144187953e-07,2.10140706492e-07,3.48146076771e-12
0.515555555556,-0.273303092319,-0.0140158747764,2.7369977629e-07,2.73688871095e-07,1.09051943831e-11
0.515555555556,-0.263284959863,-0.0134771029497,3.54665852978e-07,3.54666373984e-07,-5.21006086657e-13
0.515555555556,-0.253266827406,-0.0129412330837,4.57304909867e-07,4.57309707329e-07,-4.79746197959e-12
0.515555555556,-0.243248694949,-0.0124081350797,5.86793315437e-07,5.86789334216e-07,3.98122051289e-12
0.515555555556,-0.233230562492,-0.0118776812888,7.49387829504e-07,7.49388345784e-07,-5.16280393071e-13
0.515555555556,-0.223212430035,-0.0113497463819,9.52615111326e-07,9.52622959592e-07,-7.84826575732e-12
0.515555555556,-0.213194297578,-0.0108242072238,1.20548838119e-06,1.20549912168e-06,-1.07404884375e-11
0.515555555556,-0.203176165121,-0.0103009427524,1.51875130539e-06,1.51874779687e-06,3.50851655417e-12
0.515555555556,-0.193158032664,-0.00977983386053,1.90515346954e-06,1.9051549889e-06,-1.51936503446e-12
0.515555555556,-0.183139900207,-0.00926076328247,2.37975793599e-06,2.3797639527e-06,-6.01671409135e-12
0.515555555556,-0.17312176775,-0.00874361548341,2.96028297467e-06,2.96028739166e-06,-4.4169900493e-12
0.515555555556,-0.163103635293,-0.00822827655213,3.66748032834e-06,3.66747946154e-06,8.66793703294e-13
0.515555555556,-0.153085502837,-0.00771463409674,4.52555013202e-06,4.52556389955e-06,-1.37675344309e-11
0.515555555556,-0.14306737038,-0.00720257714313,5.56259384532e-06,5.56260324208e-06,-9.39675521605e-12
0.515555555556,-0.133049237923,-0.00669199603594,6.81110488075e-06,6.8111088676e-06,-3.98684776378e-12
0.515555555556,-0.123031105466,-0.00618278234193,8.30849660027e-06,8.30850488591e-06,-8.28564169552e-12
0.515555555556,-0.113012973009,-0.00567482875553,1.00976659812e-05,1.00976634999e-05,2.48128156307e-12
0.515555555556,-0.102994840552,-0.00516802900634,1.22275898729e-05,1.22276008982e-05,-1.1025224853e-11
0.515555555556,-0.092976708095,-0.00466227776851,1.4753950912e-05,1.47539397841e-05,1.11279443471e-11
0.515555555556,-0.0829585756381,-0.00415747057172,1.77397875728e-05,1.77397995796e-05,-1.20068271765e-11
0.515555555556,-0.0729404431812,-0.00365350371365,2.12561610259e-05,2.1256152541e-05,8.48488971818e-12
0.515555555556,-0.0629223107243,-0.00315027417389,2.53828316478e-05,2.53828288268e-05,2.82101802991e-12
0.515555555556,-0.0529041782674,-0.00264767952885,3.02089336854e-05,3.02089372444e-05,-3.55893264213e-12
0.515555555556,-0.0428860458105,-0.00214561786788,3.58336367199e-05,3.58336409383e-05,-4.21837922666e-12
0.515555555556,-0.0328679133536,-0.00164398771014,4.23667789157e-05,4.23667753378e-05,3.57784862257e-12
0.515555555556,-0.0228497808966,-0.0011426879223,4.9929455539e-05,4.99294577967e-05,-2.25766444656e-12
0.515555555556,-0.0128316484397,-0.000641617636745,5.86545437419e-05,5.86545522517e-05,-8.50975584758e-12
0.515555555556,-0.00281351598282,-0.000140676170333,6.86871418038e-05,6.86871549547e-05,-1.31508488859e-11
0.515555555556,0.00720461647409,0.000360237056607,8.01848990112e-05,8.01849050344e-05,-6.02326822858e-12
0.515555555556,0.017222748931,0.000861222601068,9.33182102731e-05,9.33182160327e-05,-5.75954296192e-12
0.515555555556,0.0272408813879,0.00136238107812,0.000108270246248,0.000108270260776,-1.45284427799e-11
0.515555555556,0.0372590138448,0.00186381324178,0.000125236788601,0.000125236807452,-1.88509032874e-11
0.515555555556,0.0472771463017,0.00236562006609,0.000144425838379,0.000144425853754,-1.53745960462e-11
0.515555555556,0.0572952787587,0.00286790282662,0.000166056963408,0.000166056985313,-2.19044065926e-11
0.515555555556,0.0673134112156,0.00337076318243,0.000190360349957,0.000190360371312,-2.13558025972e-11
0.515555555556,0.0773315436725,0.0038743032587,0.000217575524358,0.000217575543519,-1.9161132777e-11
0.515555555556,0.0873496761294,0.00437862573024,0.000247949709656,0.000247949728075,-1.84191934708e-11
0.515555555556,0.0973678085863,0.00488383390582,0.000281735784598,0.000281735804587,-1.99893485011e-11
0.515555555556,0.107385941043,0.0053900318137,0.000319189814577,0.000319189839209,-2.46321461492e-11
0.515555555556,0.1174040735,0.00589732428833,0.000360568127254,0.000360568154537,-2.72825204811e-11
0.515555555556,0.127422205957,0.00640581705854,0.00040612391091,0.000406123941729,-3.08183858207e-11
0.515555555556,0.137440338414,0.00691561683719,0.00045610332022,0.000456103349298,-2.90785406821e-11
0.515555555556,0.147458470871,0.00742683141263,0.000510741081124,0.00051074111212,-3.09963042646e-11
0.515555555556,0.157476603328,0.00793956974201,0.000570255597185,0.000570255630719,-3.3533440239e-11
0.515555555556,0.167494735785,0.0084539420467,0.000634843569927,0.000634843603538,-3.3610969368e-11
0.515555555556,0.177512868242,0.0089700599099,0.000704674160286,0.000704674196994,-3.67074301727e-11
0.515555555556,0.187531000699,0.0094880363768,0.000779882730951,0.000779882767329,-3.63778410607e-11
0.515555555556,0.197549133155,0.0100079860572,0.000860564228209,0.000860564266195,-3.79863178673e-11
0.515555555556,0.207567265612,0.0105300252314,0.000946766278325,0.000946766317356,-3.90314200231e-11
0.515555555556,0.217585398069,0.0110542719582,0.00103848209332,0.00103848213494,-4.16116115089e-11
0.515555555556,0.227603530526,0.0115808461875,0.00113564330168,0.00113564334868,-4.70041225994e-11
0.515555555556,0.237621662983,0.0121098698755,0.00123811284012,0.00123811288446,-4.43403631954e-11
0.515555555556,0.24763979544,0.0126414671037,0.0013456780644,0.00134567810459,-4.0187422834e-11
0.515555555556,0.257657927897,0.0131757642024,0.00145804425674,0.00145804429613,-3.93955697058e-11
0.515555555556,0.267676060354,0.0137128898779,0.00157482872838,0.00157482876862,-4.02345949526e-11
0.515555555556,0.277694192811,0.0142529753449,0.00169555573219,0.00169555577096,-3.87739124662e-11
0.515555555556,0.287712325268,0.0147961544633,0.00181965241532,0.00181965244874,-3.34223143952e-11
0.515555555556,0.297730457725,0.0153425638804,0.00194644605266,0.00194644608745,-3.47922669407e-11
0.515555555556,0.307748590181,0.0158923431784,0.00207516280685,0.00207516283648,-2.96315372413e-11
0.515555555556,0.317766722638,0.0164456350284,0.00220492826049,0.00220492828677,-2.6278940829e-11
0.515555555556,0.327784855095,0.0170025853497,0.00233476995788,0.00233476998114,-2.32652690516e-11
0.515555555556,0.337802987552,0.0175633434769,0.00246362217684,0.00246362219206,-1.52200877769e-11
0.515555555556,0.347821120009,0.0181280623329,0.00259033312547,0.00259033313482,-9.34679113621e-12
0.515555555556,0.357839252466,0.0186968986103,0.00271367472166,0.00271367472733,-5.67722908615e-12
0.515555555556,0.367857384923,0.0192700129608,0.00283235506573,0.00283235505987,5.85702189873e-12
0.515555555556,0.37787551738,0.0198475701924,0.00294503365728,0.00294503364413,1.3150448612e-11
0.515555555556,0.387893649837,0.0204297394763,0.00305033933636,0.00305033931937,1.69926308267e-11
0.515555555556,0.397911782294,0.0210166945635,0.00314689084781,0.0031468908204,2.74131481404e-11
0.515555555556,0.407929914751,0.0216086140109,0.0032333198356,0.00323331979998,3.56262120499e-11
0.515555555556,0.417948047208,0.0222056814195,0.00330829597392,0.0033082959328,4.11208619239e-11
0.515555555556,0.427966179664,0.022808085683,0.0033705538365,0.00337055378939,4.71122581051e-11
0.515555555556,0.437984312121,0.0234160212496,0.00341892099642,0.00341892094106,5.53524886517e-11
0.515555555556,0.448002444578,0.0240296883965,0.00345234674132,0.00345234668929,5.20362923757e-11
0.515555555556,0.458020577035,0.0246492935189,0.00346993068732,0.00346993061882,6.85062952546e-11
0.515555555556,0.468038709492,0.0252750494334,0.00347095048372,0.00347095041273,7.0988387911e-11
0.515555555556,0.478056841949,0.0259071756975,0.00345488772641,0.0034548876497,7.67074867167e-11
0.515555555556,0.488074974406,0.0265458989466,0.00342145114657,0.00342145107758,6.89870131507e-11
0.515555555556,0.498093106863,0.0271914532482,0.00337059611819,0.00337059605615,6.20310035976e-11
0.515555555556,0.50811123932,0.0278440804762,0.00330253954059,0.00330253945271,8.78797026468e-11
0.515555555556,0.518129371777,0.0285040307055,0.00321776920342,0.00321776911615,8.72638636698e-11
0.515555555556,0.528147504234,0.0291715626291,0.00311704683818,0.00311704676447,7.37019213021e-11
0.515555555556,0.53816563669,0.0298469439978,0.00300140420212,0.00300140411301,8.91037022811e-11
0.515555555556,0.548183769147,0.0305304520865,0.00287213173021,0.00287213167426,5.59478097531e-11
0.515555555556,0.558201901604,0.0312223741863,0.00273075952463,0.00273075944849,7.61416528786e-11
0.515555555556,0.568220034061,0.0319230081263,0.00257903072523,0.00257903066744,5.77875854807e-11
0.515555555556,0.578238166518,0.0326326628259,0.00241886760934,0.00241886756244,4.68990076809e-11
0.515555555556,0.588256298975,0.0333516588807,0.00225233109583,0.00225233104318,5.26490452797e-11
0.515555555556,0.598274431432,0.0340803291834,0.00208157465861,0.00208157461904,3.9575055906e-11
0.515555555556,0.608292563889,0.034819019584,0.00190879397309,0.00190879397338,-2.93199492463e-13
0.515555555556,0.618310696346,0.0355680895896,0.00173617390815,0.00173617390243,5.71785435839e-12
0.515555555556,0.628328828803,0.0363279131098,0.00156583471092,0.00156583471266,-1.73926324731e-12
0.515555555556,0.63834696126,0.0370988792486,0.00139977939375,0.00139977939844,-4.68631166858e-12
0.515555555556,0.648365093716,0.0378813931477,0.00123984440797,0.00123984442168,-1.37034459301e-11
0.515555555556,0.658383226173,0.038675876885,0.00108765565308,0.00108765565974,-6.6582403653e-12
0.515555555556,0.66840135863,0.0394827704322,0.000944591722236,0.000944591763851,-4.16147706572e-11
0.515555555556,0.678419491087,0.0403025326764,0.000811756019972,0.000811756047119,-2.71470313676e-11
0.515555555556,0.688437623544,0.0411356425112,0.000689959008676,0.000689959033181,-2.45047031711e-11
0.515555555556,0.698455756001,0.041982600002,0.000579711364052,0.000579711405308,-4.12568091669e-11
0.515555555556,0.708473888458,0.0428439276322,0.000481228275145,0.000481228318462,-4.33167362656e-11
0.515555555556,0.718492020915,0.0437201716373,0.00039444453391,0.000394444575983,-4.20722250441e-11
0.515555555556,0.728510153372,0.0446119034331,0.000319039470606,0.000319039505813,-3.52071069781e-11
0.515555555556,0.738528285829,0.0455197211468,0.000254470249941,0.000254470286087,-3.61457415648e-11
0.515555555556,0.748546418286,0.0464442512598,0.000200011575011,0.000200011596356,-2.13449735317e-11
0.515555555556,0.758564550743,0.0473861503717,0.000154799520424,0.000154799555197,-3.4772432763e-11
0.515555555556,0.768582683199,0.0483461070955,0.000117877031192,0.000117877078999,-4.78073804502e-11
0.515555555556,0.778600815656,0.049324844097,8.82386248097e-05,8.8238643434e-05,-1.86243600837e-11
0.515555555556,0.788618948113,0.0503231202898,6.48720079738e-05,6.48720380854e-05,-3.01116193611e-11
0.515555555556,0.79863708057,0.051341733201,4.67946584259e-05,4.67946863399e-05,-2.79139641089e-11
0.515555555556,0.808655213027,0.0523815215234,3.30839004803e-05,3.30839307487e-05,-3.0268433376e-11
0.515555555556,0.818673345484,0.053443367871,2.28995611362e-05,2.28995868223e-05,-2.56861131757e-11
0.515555555556,0.828691477941,0.0545282017572,1.54988989004e-05,1.54989077351e-05,-8.83470618711e-12
0.515555555556,0.838709610398,0.0556370028172,1.02440719796e-05,1.02440672618e-05,4.71775288106e-12
0.515555555556,0.848727742855,0.0567708042987,6.60291488153e-06,6.60293152632e-06,-1.66447955679e-11
0.515555555556,0.858745875312,0.0579306968464,4.1441741705e-06,4.14418306281e-06,-8.89231635375e-12
0.515555555556,0.868764007769,0.0591178326101,2.52858844974e-06,2.52857627807e-06,1.21716664525e-11
0.515555555556,0.878782140225,0.0603334297102,1.49727300003e-06,1.49727825384e-06,-5.25381127492e-12
0.515555555556,0.888800272682,0.0615787770949,8.58801779691e-07,8.58808354885e-07,-6.5751948157e-12
0.515555555556,0.898818405139,0.062855239833,4.7618520238e-07,4.76204912367e-07,-1.9709986681e-11
0.515555555556,0.908836537596,0.0641642648861,2.54684329182e-07,2.54690267344e-07,-5.93816228828e-12
0.515555555556,0.918854670053,0.0655073874131,1.31083061072e-07,1.31085611362e-07,-2.55028962358e-12
0.515555555556,0.92887280251,0.0668862376641,6.47591702485e-08,6.4768455099e-08,-9.28485044925e-12
0.515555555556,0.938890934967,0.0683025485305,3.06241143555e-08,3.06079210696e-08,1.61932858615e-11
0.515555555556,0.948909067424,0.0697581638243,1.3820611322e-08,1.38293834244e-08,-8.7721024021e-12
0.515555555556,0.958927199881,0.0712550473698,5.93317062147e-09,5.92460662648e-09,8.56399499927e-12
0.515555555556,0.968945332338,0.0727952930038,2.41431874493e-09,2.41529048411e-09,-9.71739182176e-13
0.515555555556,0.978963464795,0.074381135591,9.27591337074e-10,9.3621868179e-10,-8.62734471536e-12
0.515555555556,0.988981597252,0.0760149631763,3.35148575559e-10,3.36904367685e-10,-1.75579212627e-12
0.515555555556,0.998999729708,0.0776993304159,1.1338152639e-10,1.15788727781e-10,-2.40720139134e-12
0.515555555556,1.00901786217,0.079436973443,3.56659146661e-11,4.7301693595e-11,-1.16357789289e-11
0.515555555556,1.01903599462,0.0812308263549,1.04083408559e-11,6.99989285285e-12,3.40844800301e-12
0.515555555556,1.02905412708,0.0830840395274,2.91433543964e-12,1.64916322785e-12,1.26517221179e-12
0.515555555556,1.03907225954,0.085,8.32667268469e-13,-5.31362670877e-12,6.14629397724e-12
0.614444444444,-0.463647609001,-0.025,7.0482726333e-09,7.05759718267e-09,-9.32454937234e-12
0.614444444444,-0.453629476544,-0.0243769666932,9.73017617825e-09,9.73128122028e-09,-1.10504203644e-12
0.614444444444,-0.443611344087,-0.0237599900872,1.33372750022e-08,1.33468087692e-08,-9.53376702312e-12
0.614444444444,-0.43359321163,-0.0231488602184,1.81559464797e-08,1.81621525525e-08,-6.20607279455e-12
0.614444444444,-0.423575079173,-0.0225433734096,2.45509308564e-08,2.45470230755e-08,3.90778095145e-12
0.614444444444,-0.413556946716,-0.0219433319732,3.29839317865e-08,3.2990550048e-08,-6.61826145662e-12
0.614444444444,-0.403538814259,-0.0213485439287,4.40358476722e-08,4.40289848983e-08,6.86277388248e-12
0.614444444444,-0.393520681802,-0.0207588227338,5.84334675953e-08,5.84381458677e-08,-4.67827239134e-12
0.614444444444,-0.383502549346,-0.0201739870282,7.7080597107e-08,7.70866395349e-08,-6.04242789323e-12
0.614444444444,-0.373484416889,-0.0195938603902,1.0109543578e-07,1.01089879816e-07,5.55596394136e-12
0.614444444444,-0.363466284432,-0.0190182711034,1.31853647883e-07,1.31848631306e-07,5.01657710741e-12
0.614444444444,-0.353448151975,-0.0184470519352,1.71039042732e-07,1.71028182431e-07,1.08603011278e-11
0.614444444444,-0.343430019518,-0.0178800399241,2.20702005443e-07,2.20701108965e-07,8.96478009168e-13
0.614444444444,-0.333411887061,-0.0173170761779,2.83327109644e-07,2.83330561576e-07,-3.45193243364e-12
0.614444444444,-0.323393754604,-0.0167580056787,3.61910285663e-07,3.61907333832e-07,2.95183087951e-12
0.614444444444,-0.313375622147,-0.0162026770985,4.60047216069e-07,4.60062312627e-07,-1.50965586189e-11
0.614444444444,-0.30335748969,-0.0156509426205,5.82033585451e-07,5.82028625823e-07,4.959628035e-12
0.614444444444,-0.293339357233,-0.0151026577694,7.32977809504e-07,7.32986829411e-07,-9.01990681198e-12
0.614444444444,-0.283321224776,-0.0145576812471,9.18928731364e-07,9.18933940725e-07,-5.20936117987e-12
0.614444444444,-0.273303092319,-0.0140158747764,1.1470169432e-06,1.14701111989e-06,5.82331183375e-12
0.614444444444,-0.263284959863,-0.0134771029497,1.42561345629e-06,1.42561978456e-06,-6.32827270488e-12
0.614444444444,-0.253266827406,-0.0129412330837,1.76450379283e-06,1.76450936084e-06,-5.56800884586e-12
0.614444444444,-0.243248694949,-0.0124081350797,2.17508081556e-06,2.17507733839e-06,3.4771713732e-12
0.614444444444,-0.233230562492,-0.0118776812888,2.67055508057e-06,2.67054818523e-06,6.89534099569e-12
0.614444444444,-0.223212430035,-0.0113497463819,3.26618420185e-06,3.26619764849e-06,-1.34466479246e-11
0.614444444444,-0.213194297578,-0.0108242072238,3.97952084522e-06,3.97952212795e-06,-1.28272653933e-12
0.614444444444,-0.203176165121,-0.0103009427524,4.83068034181e-06,4.83067985633e-06,4.8547723611e-13
0.614444444444,-0.193158032664,-0.00977983386053,5.84262633561e-06,5.84261884497e-06,7.49063181782e-12
0.614444444444,-0.183139900207,-0.00926076328247,7.04147494585e-06,7.04148571073e-06,-1.07648863104e-11
0.614444444444,-0.17312176775,-0.00874361548341,8.45681573462e-06,8.4568191181e-06,-3.38348220155e-12
0.614444444444,-0.163103635293,-0.00822827655213,1.01220486594e-05,1.0122044188e-05,4.47140471723e-12
0.614444444444,-0.153085502837,-0.00771463409674,1.20747342357e-05,1.20747260677e-05,8.16796424164e-12
0.614444444444,-0.14306737038,-0.00720257714313,1.43569548765e-05,1.43569578985e-05,-3.02201353236e-12
0.614444444444,-0.133049237923,-0.00669199603594,1.70156844771e-05,1.70156849292e-05,-4.52045718972e-13
0.614444444444,-0.123031105466,-0.00618278234193,2.01031618754e-05,2.01031595235e-05,2.35196647111e-12
0.614444444444,-0.113012973009,-0.00567482875553,2.36772636718e-05,2.36772589311e-05,4.74069299306e-12
0.614444444444,-0.102994840552,-0.00516802900634,2.78018717222e-05,2.78018652383e-05,6.48391901287e-12
0.614444444444,-0.092976708095,-0.00466227776851,3.25472283945e-05,3.254723175e-05,-3.355485662e-12
0.614444444444,-0.0829585756381,-0.00415747057172,3.79902730718e-05,3.79902852833e-05,-1.22115356225e-11
0.614444444444,-0.0729404431812,-0.00365350371365,4.42149517741e-05,4.4214959314e-05,-7.53994505449e-12
0.614444444444,-0.0629223107243,-0.00315027417389,5.13124910505e-05,5.13124941029e-05,-3.05247594237e-12
0.614444444444,-0.0529041782674,-0.00264767952885,5.9381626436e-05,5.93816372779e-05,-1.08419450989e-11
0.614444444444,-0.0428860458105,-0.00214561786788,6.85287753117e-05,6.85287890846e-05,-1.37729267552e-11
0.614444444444,-0.0328679133536,-0.00164398771014,7.88681414642e-05,7.88681488295e-05,-7.36521852892e-12
0.614444444444,-0.0228497808966,-0.0011426879223,9.05217402539e-05,9.05217509279e-05,-1.06740312932e-11
0.614444444444,-0.0128316484397,-0.000641617636745,0.000103619330413,0.000103619340609,-1.01955688494e-11
0.614444444444,-0.00281351598282,-0.000140676170333,0.000118298238646,0.000118298253787,-1.51405196838e-11
0.614444444444,0.00720461647409,0.000360237056607,0.000134703063059,0.000134703063773,-7.14184841908e-13
0.614444444444,0.017222748931,0.000861222601068,0.000152985240259,0.000152985256147,-1.58879760205e-11
0.614444444444,0.0272408813879,0.00136238107812,0.000173302460775,0.00017330246728,-6.50527290998e-12
0.614444444444,0.0372590138448,0.00186381324178,0.000195817918544,0.000195817932629,-1.40849925039e-11
0.614444444444,0.0472771463017,0.00236562006609,0.000220699378583,0.000220699392626,-1.40431991123e-11
0.614444444444,0.0572952787587,0.00286790282662,0.000248118049622,0.00024811806309,-1.3468194279e-11
0.614444444444,0.0673134112156,0.00337076318243,0.000278247247786,0.000278247272936,-2.51501627141e-11
0.614444444444,0.0773315436725,0.0038743032587,0.00031126083928,0.000311260854329,-1.50497512673e-11
0.614444444444,0.0873496761294,0.00437862573024,0.00034733145218,0.000347331477285,-2.51043662312e-11
0.614444444444,0.0973678085863,0.00488383390582,0.000386628449026,0.000386628473747,-2.47213300178e-11
0.614444444444,0.107385941043,0.0053900318137,0.000429315654959,0.000429315675626,-2.06671212804e-11
0.614444444444,0.1174040735,0.00589732428833,0.000475548839582,0.00047554887201,-3.24282558271e-11
0.614444444444,0.127422205957,0.00640581705854,0.000525472954038,0.000525472977966,-2.39279965199e-11
0.614444444444,0.137440338414,0.00691561683719,0.000579219130426,0.000579219157436,-2.70099426766e-11
0.614444444444,0.147458470871,0.00742683141263,0.000636901454241,0.000636901475875,-2.16334350607e-11
0.614444444444,0.157476603328,0.00793956974201,0.000698613527924,0.000698613560959,-3.30354116458e-11
0.614444444444,0.167494735785,0.0084539420467,0.00076442484895,0.000764424875335,-2.63850838964e-11
0.614444444444,0.177512868242,0.0089700599099,0.000834377032726,0.000834377062326,-2.95996798036e-11
0.614444444444,0.187531000699,0.0094880363768,0.000908479919313,0.000908479946948,-2.76340759086e-11
0.614444444444,0.197549133155,0.0100079860572,0.000986707609592,0.000986707643514,-3.39220433427e-11
0.614444444444,0.207567265612,0.0105300252314,0.00106899448581,0.00106899451571,-2.9905511444e-11
0.614444444444,0.217585398069,0.0110542719582,0.0011552312793,0.0011552313139,-3.45983536959e-11
0.614444444444,0.227603530526,0.0115808461875,0.00124526125805,0.00124526129001,-3.19599700437e-11
0.614444444444,0.237621662983,0.0121098698755,0.00133887661393,0.00133887664821,-3.42782976483e-11
0.614444444444,0.24763979544,0.0126414671037,0.00143581513928,0.00143581516716,-2.78772647327e-11
0.614444444444,0.257657927897,0.0131757642024,0.00153575728886,0.00153575731584,-2.69803255258e-11
0.614444444444,0.267676060354,0.0137128898779,0.00163832373109,0.00163832375921,-2.8112994788e-11
0.614444444444,0.277694192811,0.0142529753449,0.00174307349782,0.00174307352264,-2.48252815874e-11
0.614444444444,0.287712325268,0.0147961544633,0.00184950284557,0.00184950287624,-3.06695005763e-11
0.614444444444,0.297730457725,0.0153425638804,0.00195704494409,0.00195704496565,-2.15612575537e-11
0.614444444444,0.307748590181,0.0158923431784,0.00206507050681,0.00206507053313,-2.63206275351e-11
0.614444444444,0.317766722638,0.0164456350284,0.00217288947606,0.00217288949478,-1.87144601031e-11
0.614444444444,0.327784855095,0.0170025853497,0.00227975386777,0.0022797538823,-1.45362658542e-11
0.614444444444,0.337802987552,0.0175633434769,0.00238486187226,0.00238486188365,-1.13976324038e-11
0.614444444444,0.347821120009,0.0181280623329,0.00248736329255,0.00248736329737,-4.82928844484e-12
0.614444444444,0.357839252466,0.0186968986103,0.00258636638356,0.00258636638458,-1.01830046131e-12
0.614444444444,0.367857384923,0.0192700129608,0.00268094613266,0.00268094612883,3.82911671121e-12
0.614444444444,0.37787551738,0.0198475701924,0.00277015399424,0.00277015398228,1.1962277089e-11
0.614444444444,0.387893649837,0.0204297394763,0.00285302905816,0.00285302904921,8.94896266465e-12
0.614444444444,0.397911782294,0.0210166945635,0.00292861059525,0.00292861057181,2.34415885141e-11
0.614444444444,0.407929914751,0.0216086140109,0.00299595188075,0.00299595185019,3.05594920029e-11
0.614444444444,0.417948047208,0.0222056814195,0.00305413515182,0.00305413512316,2.86641487456e-11
0.614444444444,0.427966179664,0.022808085683,0.00310228750654,0.0031022874737,3.28411399637e-11
0.614444444444,0.437984312121,0.0234160212496,0.00313959750154,0.00313959746391,3.76224979989e-11
0.614444444444,0.448002444578,0.0240296883965,0.00316533215543,0.00316533211712,3.83125289306e-11
0.614444444444,0.458020577035,0.0246492935189,0.00317885401387,0.00317885396911,4.47628756978e-11
0.614444444444,0.468038709492,0.0252750494334,0.00317963788712,0.00317963783206,5.50579143908e-11
0.614444444444,0.478056841949,0.0259071756975,0.0031672868285,0.00316728677424,5.42674802664e-11
0.614444444444,0.488074974406,0.0265458989466,0.00314154688912,0.00314154683754,5.15817709726e-11
0.614444444444,0.498093106863,0.0271914532482,0.00310232015969,0.00310232010911,5.05792395813e-11
0.614444444444,0.50811123932,0.0278440804762,0.00304967560151,0.00304967553445,6.70682975303e-11
0.614444444444,0.518129371777,0.0285040307055,0.00298385717166,0.00298385710407,6.75922798635e-11
0.614444444444,0.528147504234,0.0291715626291,0.00290528877206,0.00290528871132,6.07407566085e-11
0.614444444444,0.53816563669,0.0298469439978,0.0028145755942,0.00281457552072,7.34836566596e-11
0.614444444444,0.548183769147,0.0305304520865,0.00271250149571,0.00271250144994,4.5767452328e-11
0.614444444444,0.558201901604,0.0312223741863,0.00260002213292,0.00260002206443,6.84914759456e-11
0.614444444444,0.568220034061,0.0319230081263,0.00247825368112,0.00247825362852,5.2603149267e-11
0.614444444444,0.578238166518,0.0326326628259,0.00234845710628,0.00234845705512,5.11627381086e-11
0.614444444444,0.588256298975,0.0333516588807,0.00221201809807,0.00221201805477,4.32952285134e-11
0.614444444444,0.598274431432,0.0340803291834,0.00207042293893,0.0020704228989,4.00226908906e-11
0.614444444444,0.608292563889,0.034819019584,0.00192523075516,0.00192523074406,1.11086792976e-11
0.614444444444,0.618310696346,0.0355680895896,0.00177804276805,0.0017780427578,1.02501997775e-11
0.614444444444,0.628328828803,0.0363279131098,0.00163046933212,0.00163046932571,6.40707539107e-12
0.614444444444,0.63834696126,0.0370988792486,0.00148409569911,0.00148409568868,1.04275036956e-11
0.614444444444,0.648365093716,0.0378813931477,0.0013404475693,0.00134044756509,4.20723612199e-12
0.614444444444,0.658383226173,0.038675876885,0.00120095758577,0.00120095758036,5.41264776055e-12
0.614444444444,0.66840135863,0.0394827704322,0.00106693396743,0.00106693399381,-2.63835420525e-11
0.614444444444,0.678419491087,0.0403025326764,0.000939532470677,0.000939532484195,-1.35177921374e-11
0.614444444444,0.688437623544,0.0411356425112,0.000819732796919,0.000819732811128,-1.42082860234e-11
0.614444444444,0.698455756001,0.041982600002,0.000708320434667,0.000708320472295,-3.76284279343e-11
0.614444444444,0.708473888458,0.0428439276322,0.000605874728096,0.000605874749784,-2.16878845612e-11
0.614444444444,0.718492020915,0.0437201716373,0.000512763715099,0.000512763756294,-4.11948183898e-11
0.614444444444,0.728510153372,0.0446119034331,0.00042914597792,0.000429145999624,-2.1703914924e-11
0.614444444444,0.738528285829,0.0455197211468,0.000354979421899,0.000354979451911,-3.0012537594e-11
0.614444444444,0.748546418286,0.0464442512598,0.000290036552344,0.000290036579839,-2.74944765306e-11
0.614444444444,0.758564550743,0.0473861503717,0.000233925487175,0.000233925514945,-2.77697459212e-11
0.614444444444,0.768582683199,0.0483461070955,0.000186115638665,0.000186115681063,-4.2398720819e-11
0.614444444444,0.778600815656,0.049324844097,0.000145966752851,0.00014596678238,-2.95288927858e-11
0.614444444444,0.788618948113,0.0503231202898,0.000112759828766,0.000112759863688,-3.49216315587e-11
0.614444444444,0.79863708057,0.051341733201,8.57283596195e-05,8.57283893091e-05,-2.96895435754e-11
0.614444444444,0.808655213027,0.0523815215234,6.40883756481e-05,6.40884172782e-05,-4.16301509324e-11
0.614444444444,0.818673345484,0.053443367871,4.70658924334e-05,4.70659205881e-05,-2.81547246454e-11
0.614444444444,0.828691477941,0.0545282017572,3.39206062544e-05,3.39206214217e-05,-1.51672498346e-11
0.614444444444,0.838709610398,0.0556370028172,2.39649758371e-05,2.39649729584e-05,2.87872178352e-12
0.614444444444,0.848727742855,0.0567708042987,1.6578198675e-05,1.65782199082e-05,-2.12331964077e-11
0.614444444444,0.858745875312,0.0579306968464,1.12149542431e-05,1.12149725588e-05,-1.83157217691e-11
0.614444444444,0.868764007769,0.0591178326101,7.40916009101e-06,7.40915403727e-06,6.0537443114e-12
0.614444444444,0.878782140225,0.0603334297102,4.77329412107e-06,4.77332417711e-06,-3.00560392547e-11
0.614444444444,0.888800272682,0.0615787770949,2.99407262871e-06,2.99408224903e-06,-9.62031105819e-12
0.614444444444,0.898818405139,0.062855239833,1.82542883587e-06,1.82544795958e-06,-1.91237164993e-11
0.614444444444,0.908836537596,0.0641642648861,1.07976794173e-06,1.07976171398e-06,6.2277481349e-12
0.614444444444,0.918854670053,0.0655073874131,6.18442519418e-07,6.18441006851e-07,1.51256719823e-12
0.614444444444,0.92887280251,0.0668862376641,3.42248313023e-07,3.42256437689e-07,-8.12466543695e-12
0.614444444444,0.938890934967,0.0683025485305,1.82577980512e-07,1.82552890154e-07,2.50903581765e-11
0.614444444444,0.948909067424,0.0697581638243,9.36539734653e-08,9.36544340233e-08,-4.6055802401e-13
0.614444444444,0.958927199881,0.0712550473698,4.60671778502e-08,4.60604087753e-08,6.76907488395e-12
0.614444444444,0.968945332338,0.0727952930038,2.1664336991e-08,2.16686306051e-08,-4.29361407539e-12
0.614444444444,0.978963464795,0.074381135591,9.70931668398e-09,9.72026476908e-09,-1.09480851034e-11
0.614444444444,0.988981597252,0.0760149631763,4.13238887553e-09,4.14262757214e-09,-1.02386966093e-11
0.614444444444,0.998999729708,0.0776993304159,1.66353042452e-09,1.66535563811e-09,-1.82521359138e-12
0.614444444444,1.00901786217,0.079436973443,6.31023011621e-10,6.41481260688e-10,-1.04582490671e-11
0.614444444444,1.01903599462,0.0812308263549,2.24265050974e-10,2.2314773575e-10,1.11731522472e-12
0.614444444444,1.02905412708,0.0830840395274,7.43849426499e-11,7.55511475863e-11,-1.16620493644e-12
0.614444444444,1.03907225954,0.085,2.28983498829e-11,2.21638241614e-11,7.34525721496e-13
0.713333333333,-0.463647609001,-0.025,3.97696210691e-08,3.97598302292e-08,9.79083994483e-12
0.713333333333,-0.453629476544,-0.0243769666932,5.25020997345e-08,5.25040039045e-08,-1.90417008785e-12
0.713333333333,-0.443611344087,-0.0237599900872,6.88873212255e-08,6.88866046576e-08,7.16567947678e-13
0.713333333333,-0.43359321163,-0.0231488602184,8.98506508128e-08,8.98469995299e-08,3.65128292247e-12
0.713333333333,-0.423575079173,-0.0225433734096,1.16520645771e-07,1.16522635459e-07,-1.98968747843e-12
0.713333333333,-0.413556946716,-0.0219433319732,1.50265737366e-07,1.50262398009e-07,3.3393571472e-12
0.713333333333,-0.403538814259,-0.0213485439287,1.92737230964e-07,1.9273814212e-07,-9.11155829865e-13
0.713333333333,-0.393520681802,-0.0207588227338,2.45917401084e-07,2.4592419267e-07,-6.79158599822e-12
0.713333333333,-0.383502549346,-0.0201739870282,3.12174857852e-07,3.12177253872e-07,-2.39601991508e-12
0.713333333333,-0.373484416889,-0.0195938603902,3.94326313236e-07,3.9431152335e-07,1.47898858971e-11
0.713333333333,-0.363466284432,-0.0190182711034,4.95705775232e-07,4.95705774014e-07,1.21796900365e-15
0.713333333333,-0.353448151975,-0.0184470519352,6.20242591882e-07,6.20241747696e-07,8.44186087624e-13
0.713333333333,-0.343430019518,-0.0178800399241,7.725468733e-07,7.72555956666e-07,-9.08336556631e-12
0.713333333333,-0.333411887061,-0.0173170761779,9.58005258137e-07,9.58013512627e-07,-8.25448931874e-12
0.713333333333,-0.323393754604,-0.0167580056787,1.18288528658e-06,1.18287483054e-06,1.04560463181e-11
0.713333333333,-0.313375622147,-0.0162026770985,1.4544498443e-06,1.45444523345e-06,4.61085367495e-12
0.713333333333,-0.30335748969,-0.0156509426205,1.78108226069e-06,1.78108421288e-06,-1.95218885011e-12
0.713333333333,-0.293339357233,-0.0151026577694,2.1724214264e-06,2.17241978216e-06,1.64424805363e-12
0.713333333333,-0.283321224776,-0.0145576812471,2.63950758844e-06,2.63950555641e-06,2.03202566103e-12
0.713333333333,-0.273303092319,-0.0140158747764,3.19493916866e-06,3.19495370955e-06,-1.45408894221e-11
0.713333333333,-0.263284959863,-0.0134771029497,3.85303983491e-06,3.85305503738e-06,-1.52024728814e-11
0.713333333333,-0.253266827406,-0.0129412330837,4.63003584521e-06,4.63003217046e-06,3.6747496e-12
0.713333333333,-0.243248694949,-0.0124081350797,5.54424354291e-06,5.54423672909e-06,6.81382779349e-12
0.713333333333,-0.233230562492,-0.0118776812888,6.61626594169e-06,6.61627014694e-06,-4.2052438412e-12
0.713333333333,-0.223212430035,-0.0113497463819,7.86919775595e-06,7.86920085968e-06,-3.10373675681e-12
0.713333333333,-0.213194297578,-0.0108242072238,9.32883796287e-06,9.32883144711e-06,6.51576046536e-12
0.713333333333,-0.203176165121,-0.0103009427524,1.1023908446e-05,1.10239089307e-05,-4.84693153804e-13
0.713333333333,-0.193158032664,-0.00977983386053,1.29862768188e-05,1.29862693113e-05,7.5074274427e-12
0.713333333333,-0.183139900207,-0.00926076328247,1.52511823274e-05,1.52511897669e-05,-7.43945760403e-12
0.713333333333,-0.17312176775,-0.00874361548341,1.78574614515e-05,1.78574569617e-05,4.4898510738e-12
0.713333333333,-0.163103635293,-0.00822827655213,2.08477724418e-05,2.08477691303e-05,3.31150651198e-12
0.713333333333,-0.153085502837,-0.00771463409674,2.4268813439e-05,2.42688092125e-05,4.22648852697e-12
0.713333333333,-0.14306737038,-0.00720257714313,2.81715336169e-05,2.81715310232e-05,2.59375199541e-12
0.713333333333,-0.133049237923,-0.00669199603594,3.2611331282e-05,3.26113347864e-05,-3.5043348838e-12
0.713333333333,-0.123031105466,-0.00618278234193,3.76482368159e-05,3.76482354315e-05,1.38447565722e-12
0.713333333333,-0.113012973009,-0.00567482875553,4.33470748466e-05,4.33470792999e-05,-4.45320916373e-12
0.713333333333,-0.102994840552,-0.00516802900634,4.97776012027e-05,4.97776133639e-05,-1.21611863104e-11
0.713333333333,-0.092976708095,-0.00466227776851,5.7014609693e-05,5.7014609177e-05,5.16033593081e-13
0.713333333333,-0.0829585756381,-0.00415747057172,6.51380027635e-05,6.51380039754e-05,-1.21194338744e-12
0.713333333333,-0.0729404431812,-0.00365350371365,7.42328202703e-05,7.42328194763e-05,7.93927545776e-13
0.713333333333,-0.0629223107243,-0.00315027417389,8.43892201965e-05,8.43892247094e-05,-4.51285197905e-12
0.713333333333,-0.0529041782674,-0.00264767952885,9.57024042731e-05,9.5702422535e-05,-1.82619025154e-11
0.713333333333,-0.0428860458105,-0.00214561786788,0.000108272482385,0.000108272495558,-1.31721479427e-11
0.713333333333,-0.0328679133536,-0.00164398771014,0.000122204268043,0.000122204277641,-9.59732545714e-12
0.713333333333,-0.0228497808966,-0.0011426879223,0.000137606998156,0.000137607011679,-1.35225402653e-11
0.713333333333,-0.0128316484397,-0.000641617636745,0.000154593969332,0.000154593979501,-1.01688695442e-11
0.713333333333,-0.00281351598282,-0.000140676170333,0.000173282084253,0.000173282098703,-1.44499560429e-11
0.713333333333,0.00720461647409,0.000360237056607,0.000193791300143,0.000193791313022,-1.28793236384e-11
0.713333333333,0.017222748931,0.000861222601068,0.000216243972838,0.000216243993541,-2.07030927232e-11
0.713333333333,0.0272408813879,0.00136238107812,0.00024076408989,0.00024076410844,-1.8549904451e-11
0.713333333333,0.0372590138448,0.00186381324178,0.000267476386774,0.000267476395399,-8.62547847817e-12
0.713333333333,0.0472771463017,0.00236562006609,0.000296505340419,0.000296505364839,-2.44195118228e-11
0.713333333333,0.0572952787587,0.00286790282662,0.000327974036165,0.000327974046072,-9.90674691803e-12
0.713333333333,0.0673134112156,0.00337076318243,0.000362002904047,0.000362002918545,-1.44976248346e-11
0.713333333333,0.0773315436725,0.0038743032587,0.00039870832292,0.000398708346515,-2.35953705576e-11
0.713333333333,0.0873496761294,0.00437862573024,0.000438201091084,0.000438201112783,-2.16993087452e-11
0.713333333333,0.0973678085863,0.00488383390582,0.000480584764699,0.000480584782913,-1.82141199367e-11
0.713333333333,0.107385941043,0.0053900318137,0.000525953867041,0.000525953887433,-2.03923124047e-11
0.713333333333,0.1174040735,0.00589732428833,0.000574391973449,0.000574391989122,-1.56737044133e-11
0.713333333333,0.127422205957,0.00640581705854,0.000625969680226,0.000625969703926,-2.36995260656e-11
0.713333333333,0.137440338414,0.00691561683719,0.000680742467242,0.000680742496144,-2.89015538932e-11
0.713333333333,0.147458470871,0.00742683141263,0.000738748468013,0.000738748493163,-2.51496438692e-11
0.713333333333,0.157476603328,0.00793956974201,0.000800006164027,0.000800006182534,-1.85065700828e-11
0.713333333333,0.167494735785,0.0084539420467,0.000864512023158,0.000864512043061,-1.99031874966e-11
0.713333333333,0.177512868242,0.0089700599099,0.000932238106294,0.00093223813339,-2.70967177732e-11
0.713333333333,0.187531000699,0.0094880363768,0.00100312966962,0.00100312969838,-2.87613301231e-11
0.713333333333,0.197549133155,0.0100079860572,0.00107710279436,0.00107710281769,-2.33259783017e-11
0.713333333333,0.207567265612,0.0105300252314,0.00115404208014,0.00115404210755,-2.74078986503e-11
0.713333333333,0.217585398069,0.0110542719582,0.00123379844096,0.00123379846779,-2.6834726715e-11
0.713333333333,0.227603530526,0.0115808461875,0.00131618704857,0.00131618707408,-2.55070179388e-11
0.713333333333,0.237621662983,0.0121098698755,0.0014009854704,0.00140098549434,-2.39402558107e-11
0.713333333333,0.24763979544,0.0126414671037,0.00148793205387,0.00148793207715,-2.32808412305e-11
0.713333333333,0.257657927897,0.0131757642024,0.00157672461108,0.00157672463968,-2.85933293102e-11
0.713333333333,0.267676060354,0.0137128898779,0.00166701946173,0.00166701948359,-2.18573733331e-11
0.713333333333,0.277694192811,0.0142529753449,0.00175843089318,0.00175843091876,-2.55794849278e-11
0.713333333333,0.287712325268,0.0147961544633,0.00185053109837,0.00185053112417,-2.5800047862e-11
0.713333333333,0.297730457725,0.0153425638804,0.00194285065197,0.00194285066052,-8.55523009206e-12
0.713333333333,0.307748590181,0.0158923431784,0.00203487958476,0.00203487960153,-1.67648911246e-11
0.713333333333,0.317766722638,0.0164456350284,0.00212606911347,0.00212606912544,-1.1970245975e-11
0.713333333333,0.327784855095,0.0170025853497,0.00221583407886,0.00221583409086,-1.20008746864e-11
0.713333333333,0.337802987552,0.0175633434769,0.00230355614078,0.00230355614592,-5.1346565888e-12
0.713333333333,0.347821120009,0.0181280623329,0.00238858776884,0.00238858776395,4.89174716359e-12
0.713333333333,0.357839252466,0.0186968986103,0.00247025706012,0.00247025706033,-2.07714921652e-13
0.713333333333,0.367857384923,0.0192700129608,0.0025478734015,0.00254787339944,2.05672284759e-12
0.713333333333,0.37787551738,0.0198475701924,0.00262073398102,0.0026207339673,1.3720748062e-11
0.713333333333,0.387893649837,0.0204297394763,0.00268813113596,0.00268813113358,2.37562833988e-12
0.713333333333,0.397911782294,0.0210166945635,0.0027493605057,0.00274936048897,1.67302439263e-11
0.713333333333,0.407929914751,0.0216086140109,0.00280372993763,0.00280372991297,2.46570359616e-11
0.713333333333,0.417948047208,0.0222056814195,0.00285056906985,0.00285056904485,2.50055809392e-11
0.713333333333,0.427966179664,0.022808085683,0.00288923949062,0.00288923946029,3.03316798761e-11
0.713333333333,0.437984312121,0.0234160212496,0.00291914534736,0.00291914532044,2.69285969391e-11
0.713333333333,0.448002444578,0.0240296883965,0.00293974425197,0.00293974422864,2.33336787392e-11
0.713333333333,0.458020577035,0.0246492935189,0.00295055830117,0.00295055826897,3.22040111592e-11
0.713333333333,0.468038709492,0.0252750494334,0.00295118500469,0.00295118496516,3.95282777864e-11
0.713333333333,0.478056841949,0.0259071756975,0.00294130788885,0.00294130784948,3.93704209858e-11
0.713333333333,0.488074974406,0.0265458989466,0.00292070652151,0.00292070648776,3.37550022655e-11
0.713333333333,0.498093106863,0.0271914532482,0.00288926568554,0.00288926564902,3.65175814934e-11
0.713333333333,0.50811123932,0.0278440804762,0.00284698341515,0.00284698335906,5.60843528737e-11
0.713333333333,0.518129371777,0.0285040307055,0.00279397760355,0.00279397755274,5.08100766322e-11
0.713333333333,0.528147504234,0.0291715626291,0.0027304908904,0.00273049084779,4.26136808132e-11
0.713333333333,0.53816563669,0.0298469439978,0.00265689355046,0.00265689349273,5.77327239834e-11
0.713333333333,0.548183769147,0.0305304520865,0.00257368412342,0.00257368408055,4.28782070613e-11
0.713333333333,0.558201901604,0.0312223741863,0.00248148756005,0.00248148750149,5.8562911031e-11
0.713333333333,0.568220034061,0.0319230081263,0.00238105070275,0.00238105065367,4.90764126386e-11
0.713333333333,0.578238166518,0.0326326628259,0.00227323497637,0.00227323493648,3.98921316987e-11
0.713333333333,0.588256298975,0.0333516588807,0.00215900623556,0.00215900619277,4.27916660439e-11
0.713333333333,0.598274431432,0.0340803291834,0.00203942179408,0.00203942175704,3.70402996469e-11
0.713333333333,0.608292563889,0.034819019584,0.00191561475366,0.00191561474899,4.6762212158e-12
0.713333333333,0.618310696346,0.0355680895896,0.00178877584776,0.00178877584492,2.83920022909e-12
0.713333333333,0.628328828803,0.0363279131098,0.00166013312011,0.00166013310583,1.42754829225e-11
0.713333333333,0.63834696126,0.0370988792486,0.0015309298575,0.00153092984509,1.24094426141e-11
0.713333333333,0.648365093716,0.0378813931477,0.00140240130238,0.00140240129742,4.96258112728e-12
0.713333333333,0.658383226173,0.038675876885,0.00127575075396,0.00127575073374,2.0225478627e-11
0.713333333333,0.66840135863,0.0394827704322,0.00115212574772,0.00115212576622,-1.84961000509e-11
0.713333333333,0.678419491087,0.0403025326764,0.00103259505412,0.00103259504873,5.38051981441e-12
0.713333333333,0.688437623544,0.0411356425112,0.000918127265465,0.000918127272593,-7.12834392208e-12
0.713333333333,0.698455756001,0.041982600002,0.000809571737703,0.000809571758127,-2.04235584608e-11
0.713333333333,0.708473888458,0.0428439276322,0.000707642612077,0.00070764262257,-1.04924309258e-11
0.713333333333,0.718492020915,0.0437201716373,0.000612906563488,0.000612906582487,-1.89991711599e-11
0.713333333333,0.728510153372,0.0446119034331,0.000525774808205,0.000525774836973,-2.87679092787e-11
0.713333333333,0.738528285829,0.0455197211468,0.00044649974669,0.000446499769885,-2.31953477692e-11
0.713333333333,0.748546418286,0.0464442512598,0.000375176436584,0.00037517645025,-1.36655762661e-11
0.713333333333,0.758564550743,0.0473861503717,0.000311748877616,0.000311748895694,-1.80780499077e-11
0.713333333333,0.768582683199,0.0483461070955,0.000256020872072,0.000256020915466,-4.3394206414e-11
0.713333333333,0.778600815656,0.049324844097,0.000207670998592,0.000207671021864,-2.32717638562e-11
0.713333333333,0.788618948113,0.0503231202898,0.000166271031388,0.000166271058648,-2.72601930178e-11
0.713333333333,0.79863708057,0.051341733201,0.000131306953713,0.000131306981897,-2.8184351554e-11
0.713333333333,0.808655213027,0.0523815215234,0.00010220158414,0.00010220161806,-3.39198382923e-11
0.713333333333,0.818673345484,0.053443367871,7.83377512859e-05,7.83377790867e-05,-2.78008256607e-11
0.713333333333,0.828691477941,0.0545282017572,5.90809418055e-05,5.90809537671e-05,-1.19615701892e-11
0.713333333333,0.838709610398,0.0556370028172,4.38004026798e-05,4.38004098407e-05,-7.16093156994e-12
0.713333333333,0.848727742855,0.0567708042987,3.18878053129e-05,3.1887834607e-05,-2.92940374649e-11
0.713333333333,0.858745875312,0.0579306968464,2.27727618707e-05,2.27727738707e-05,-1.20000138298e-11
0.713333333333,0.868764007769,0.0591178326101,1.5934718961e-05,1.59347198079e-05,-8.46933634335e-13
0.713333333333,0.878782140225,0.0603334297102,1.09110108448e-05,1.09110408866e-05,-3.00417822129e-11
0.713333333333,0.888800272682,0.0615787770949,7.30111707203e-06,7.30112954475e-06,-1.24727123161e-11
0.713333333333,0.898818405139,0.062855239833,4.76741479627e-06,4.76743412949e-06,-1.93332244745e-11
0.713333333333,0.908836537596,0.0641642648861,3.03291891601e-06,3.03293396621e-06,-1.50501976333e-11
0.713333333333,0.918854670053,0.0655073874131,1.87664564444e-06,1.87665744391e-06,-1.17994717729e-11
0.713333333333,0.92887280251,0.0668862376641,1.12731712854e-06,1.12732710963e-06,-9.98109125731e-12
0.713333333333,0.938890934967,0.0683025485305,6.5612112965e-07,6.56103520101e-07,1.76095483681e-11
0.713333333333,0.948909067424,0.0697581638243,3.69193425831e-07,3.69204472321e-07,-1.10464903284e-11
0.713333333333,0.958927199881,0.0712550473698,2.00370414705e-07,2.00373780125e-07,-3.36542035559e-12
0.713333333333,0.968945332338,0.0727952930038,1.04619091168e-07,1.04612823785e-07,6.26738288004e-12
0.713333333333,0.978963464795,0.074381135591,5.2405163542e-08,5.24108882431e-08,-5.72470109511e-12
0.713333333333,0.988981597252,0.0760149631763,2.5107554924e-08,2.51141973721e-08,-6.6424480933e-12
0.713333333333,0.998999729708,0.0776993304159,1.14673548435e-08,1.14801307915e-08,-1.27759480512e-11
0.713333333333,1.00901786217,0.079436973443,4.97477059547e-09,4.98712551074e-09,-1.23549152679e-11
0.713333333333,1.01903599462,0.0812308263549,2.04170014229e-09,2.03869723382e-09,3.00290846876e-12
0.713333333333,1.02905412708,0.0830840395274,7.8922979263e-10,7.84372094836e-10,4.85769779436e-12
0.713333333333,1.03907225954,0.085,2.86298762475e-10,2.79097316655e-10,7.20144581988e-12
0.812222222222,-0.463647609001,-0.025,1.4600239084e-07,1.46005025953e-07,-2.63511286487e-12
0.812222222222,-0.453629476544,-0.0243769666932,1.86337000656e-07,1.86345110882e-07,-8.11022676264e-12
0.812222222222,-0.443611344087,-0.0237599900872,2.36537110706e-07,2.36532898652e-07,4.21205482016e-12
0.812222222222,-0.43359321163,-0.0231488602184,2.98698877081e-07,2.98687542612e-07,1.13344689358e-11
0.812222222222,-0.423575079173,-0.0225433734096,3.75294085815e-07,3.75280966816e-07,1.31189988981e-11
0.812222222222,-0.413556946716,-0.0219433319732,4.6922437545e-07,4.6921589353e-07,8.48191972606e-12
0.812222222222,-0.403538814259,-0.0213485439287,5.83880684877e-07,5.83872310261e-07,8.37461676957e-12
0.812222222222,-0.393520681802,-0.0207588227338,7.23208752791e-07,7.23210163491e-07,-1.41069924341e-12
0.812222222222,-0.383502549346,-0.0201739870282,8.9178036257e-07,8.91783560742e-07,-3.19817194076e-12
0.812222222222,-0.373484416889,-0.0195938603902,1.09487142924e-06,1.09486260522e-06,8.82401785443e-12
0.812222222222,-0.363466284432,-0.0190182711034,1.33854564113e-06,1.33854504426e-06,5.96863228685e-13
0.812222222222,-0.353448151975,-0.0184470519352,1.62974550373e-06,1.6297542288e-06,-8.72507639072e-12
0.812222222222,-0.343430019518,-0.0178800399241,1.97638926761e-06,1.9763843319e-06,4.93571730795e-12
0.812222222222,-0.333411887061,-0.0173170761779,2.38747464534e-06,2.38747344074e-06,1.20459875968e-12
0.812222222222,-0.323393754604,-0.0167580056787,2.87318890332e-06,2.87319720619e-06,-8.30286354823e-12
0.812222222222,-0.313375622147,-0.0162026770985,3.44502522299e-06,3.44502993588e-06,-4.71289075355e-12
0.812222222222,-0.30335748969,-0.0156509426205,4.11590507975e-06,4.1159174468e-06,-1.23670478807e-11
0.812222222222,-0.293339357233,-0.0151026577694,4.90030584056e-06,4.90030783293e-06,-1.99236431271e-12
0.812222222222,-0.283321224776,-0.0145576812471,5.81439411073e-06,5.81439250526e-06,1.60547665318e-12
0.812222222222,-0.273303092319,-0.0140158747764,6.87616288534e-06,6.87617482899e-06,-1.19436506524e-11
0.812222222222,-0.263284959863,-0.0134771029497,8.10557296186e-06,8.10557445419e-06,-1.49233255012e-12
0.812222222222,-0.253266827406,-0.0129412330837,9.52469713723e-06,9.52470447778e-06,-7.3405564972e-12
0.812222222222,-0.243248694949,-0.0124081350797,1.11578657662e-05,1.115787483e-05,-9.06386509799e-12
0.812222222222,-0.233230562492,-0.0118776812888,1.30318142416e-05,1.30318125516e-05,1.69001554559e-12
0.812222222222,-0.223212430035,-0.0113497463819,1.51758282047e-05,1.51758151874e-05,1.30173449178e-11
0.812222222222,-0.213194297578,-0.0108242072238,1.76218884355e-05,1.76218857117e-05,2.72378740588e-12
0.812222222222,-0.203176165121,-0.0103009427524,2.04048105041e-05,2.04048165865e-05,-6.0823468522e-12
0.812222222222,-0.193158032664,-0.00977983386053,2.3562379892e-05,2.35623813855e-05,-1.49354453907e-12
0.812222222222,-0.183139900207,-0.00926076328247,2.71354789467e-05,2.71354894096e-05,-1.04628725897e-11
0.812222222222,-0.17312176775,-0.00874361548341,3.1168204309e-05,3.11682171419e-05,-1.28329476155e-11
0.812222222222,-0.163103635293,-0.00822827655213,3.57079721228e-05,3.57079734166e-05,-1.29386181402e-12
0.812222222222,-0.153085502837,-0.00771463409674,4.08056084888e-05,4.08056228653e-05,-1.43765006342e-11
0.812222222222,-0.14306737038,-0.00720257714313,4.65154226375e-05,4.65154214436e-05,1.19394618703e-12
0.812222222222,-0.133049237923,-0.00669199603594,5.28952596762e-05,5.28952600801e-05,-4.03897625252e-13
0.812222222222,-0.123031105466,-0.00618278234193,6.00065297061e-05,6.00065340125e-05,-4.3063563105e-12
0.812222222222,-0.113012973009,-0.00567482875553,6.79142106417e-05,6.79142151768e-05,-4.53514771581e-12
0.812222222222,-0.102994840552,-0.00516802900634,7.6686820854e-05,7.66868354282e-05,-1.45741640734e-11
0.812222222222,-0.092976708095,-0.00466227776851,8.63963580506e-05,8.63963637162e-05,-5.66561169724e-12
0.812222222222,-0.0829585756381,-0.00415747057172,9.71182013775e-05,9.7118202594e-05,-1.21651957442e-12
0.812222222222,-0.0729404431812,-0.00365350371365,0.000108930972199,0.000108930980744,-8.54474706323e-12
0.812222222222,-0.0629223107243,-0.00315027417389,0.000121916350762,0.000121916364885,-1.41231953161e-11
0.812222222222,-0.0529041782674,-0.00264767952885,0.000136158844015,0.000136158857843,-1.38286366136e-11
0.812222222222,-0.0428860458105,-0.00214561786788,0.000151745501436,0.000151745515247,-1.38108676242e-11
0.812222222222,-0.0328679133536,-0.00164398771014,0.000168765574906,0.000168765586174,-1.12679013255e-11
0.812222222222,-0.0228497808966,-0.0011426879223,0.000187310118956,0.000187310128558,-9.60169449374e-12
0.812222222222,-0.0128316484397,-0.000641617636745,0.000207471528133,0.000207471534188,-6.05402455055e-12
0.812222222222,-0.00281351598282,-0.000140676170333,0.000229343007874,0.000229343024158,-1.6284414816e-11
0.812222222222,0.00720461647409,0.000360237056607,0.00025301797634,0.000253017983289,-6.94830862768e-12
0.812222222222,0.017222748931,0.000861222601068,0.000278589394199,0.000278589413898,-1.96993648065e-11
0.812222222222,0.0272408813879,0.00136238107812,0.000306149020392,0.000306149039537,-1.91457294896e-11
0.812222222222,0.0372590138448,0.00186381324178,0.000335786591949,0.000335786598224,-6.27505003254e-12
0.812222222222,0.0472771463017,0.00236562006609,0.000367588927235,0.000367588942143,-1.49072737119e-11
0.812222222222,0.0572952787587,0.00286790282662,0.00040163895168,0.000401638963283,-1.16023186067e-11
0.812222222222,0.0673134112156,0.00337076318243,0.000438014646745,0.000438014655785,-9.04022321412e-12
0.812222222222,0.0773315436725,0.0038743032587,0.000476787923585,0.000476787938955,-1.53699656084e-11
0.812222222222,0.0873496761294,0.00437862573024,0.000518023423376,0.000518023439787,-1.64111765627e-11
0.812222222222,0.0973678085863,0.00488383390582,0.000561777248279,0.000561777264159,-1.5880180634e-11
0.812222222222,0.107385941043,0.0053900318137,0.000608095627544,0.00060809565267,-2.5126325391e-11
0.812222222222,0.1174040735,0.00589732428833,0.000657013525015,0.000657013551944,-2.69283793397e-11
0.812222222222,0.127422205957,0.00640581705854,0.000708553195871,0.000708553219225,-2.33545104913e-11
0.812222222222,0.137440338414,0.00691561683719,0.000762722701651,0.000762722719637,-1.79862342468e-11
0.812222222222,0.147458470871,0.00742683141263,0.000819514394952,0.000819514413664,-1.87124091179e-11
0.812222222222,0.157476603328,0.00793956974201,0.00087890338645,0.000878903406278,-1.98283955444e-11
0.812222222222,0.167494735785,0.0084539420467,0.000940846009274,0.000940846023657,-1.43832444869e-11
0.812222222222,0.177512868242,0.0089700599099,0.00100527829751,0.00100527831874,-2.1227663724e-11
0.812222222222,0.187531000699,0.0094880363768,0.00107211449786,0.00107211451542,-1.75663457305e-11
0.812222222222,0.197549133155,0.0100079860572,0.00114124563554,0.00114124565584,-2.03005407623e-11
0.812222222222,0.207567265612,0.0105300252314,0.00121253815733,0.0012125381779,-2.05757548586e-11
0.812222222222,0.217585398069,0.0110542719582,0.0012858326777,0.00128583269714,-1.94368375561e-11
0.812222222222,0.227603530526,0.0115808461875,0.00136094285436,0.00136094287828,-2.39192439726e-11
0.812222222222,0.237621662983,0.0121098698755,0.00143765442332,0.00143765443144,-8.12657731906e-12
0.812222222222,0.24763979544,0.0126414671037,0.00151572442381,0.00151572444411,-2.02980022113e-11
0.812222222222,0.257657927897,0.0131757642024,0.0015948806459,0.00159488066599,-2.00900756534e-11
0.812222222222,0.267676060354,0.0137128898779,0.00167482133372,0.00167482134918,-1.54580541076e-11
0.812222222222,0.277694192811,0.0142529753449,0.00175521517979,0.00175521520151,-2.17195940053e-11
0.812222222222,0.287712325268,0.0147961544633,0.00183570164409,0.00183570165949,-1.54045289979e-11
0.812222222222,0.297730457725,0.0153425638804,0.00191589163344,0.00191589164049,-7.0453907465e-12
0.812222222222,0.307748590181,0.0158923431784,0.00199536857433,0.00199536858605,-1.17158006387e-11
0.812222222222,0.317766722638,0.0164456350284,0.00207368991174,0.0020736899209,-9.1601505027e-12
0.812222222222,0.327784855095,0.0170025853497,0.00215038906389,0.00215038907526,-1.13700056315e-11
0.812222222222,0.337802987552,0.0175633434769,0.00222497785933,0.00222497786868,-9.34688351023e-12
0.812222222222,0.347821120009,0.0181280623329,0.00229694947868,0.00229694947907,-3.87381966782e-13
0.812222222222,0.357839252466,0.0186968986103,0.00236578191785,0.00236578191717,6.82513507516e-13
0.812222222222,0.367857384923,0.0192700129608,0.00243094198332,0.00243094198254,7.81890177604e-13
0.812222222222,0.37787551738,0.0198475701924,0.00249188982142,0.00249188982042,9.9925406491e-13
0.812222222222,0.387893649837,0.0204297394763,0.00254808397547,0.00254808397481,6.5676370592e-13
0.812222222222,0.397911782294,0.0210166945635,0.00259898695321,0.00259898693614,1.70699730392e-11
0.812222222222,0.407929914751,0.0216086140109,0.00264407127639,0.00264407125183,2.45540640771e-11
0.812222222222,0.417948047208,0.0222056814195,0.00268282597038,0.00268282595411,1.62704723826e-11
0.812222222222,0.427966179664,0.022808085683,0.00271476343883,0.00271476341855,2.02859638809e-11
0.812222222222,0.437984312121,0.0234160212496,0.0027394266524,0.0027394266304,2.20084232956e-11
0.812222222222,0.448002444578,0.0240296883965,0.00275639656584,0.00275639655486,1.09763287869e-11
0.812222222222,0.458020577035,0.0246492935189,0.00276529966094,0.00276529963079,3.01530449914e-11
0.812222222222,0.468038709492,0.0252750494334,0.00276581549757,0.00276581546305,3.45180485757e-11
0.812222222222,0.478056841949,0.0259071756975,0.0027576841382,0.00275768410491,3.32860865607e-11
0.812222222222,0.488074974406,0.0265458989466,0.0027407132977,0.00274071327055,2.71528476786e-11
0.812222222222,0.498093106863,0.0271914532482,0.00271478505518,0.00271478503338,2.17981986628e-11
0.812222222222,0.50811123932,0.0278440804762,0.00267986195589,0.00267986190889,4.69975868118e-11
0.812222222222,0.518129371777,0.0285040307055,0.00263599231984,0.00263599227624,4.36030634342e-11
0.812222222222,0.528147504234,0.0291715626291,0.00258331457201,0.00258331454095,3.1062809009e-11
0.812222222222,0.53816563669,0.0298469439978,0.00252206040689,0.00252206035034,5.65479971876e-11
0.812222222222,0.548183769147,0.0305304520865,0.00245255660584,0.00245255657038,3.54587231972e-11
0.812222222222,0.558201901604,0.0312223741863,0.00237522533756,0.002375225294,4.35604152575e-11
0.812222222222,0.568220034061,0.0319230081263,0.00229058278834,0.00229058275568,3.266368339e-11
0.812222222222,0.578238166518,0.0326326628259,0.00219923599491,0.0021992359588,3.61090211551e-11
0.812222222222,0.588256298975,0.0333516588807,0.00210187778585,0.00210187774987,3.59802864586e-11
0.812222222222,0.598274431432,0.0340803291834,0.00199927977628,0.00199927973727,3.90069166203e-11
0.812222222222,0.608292563889,0.034819019584,0.00189228341052,0.00189228339873,1.17926059542e-11
0.812222222222,0.618310696346,0.0355680895896,0.00178178910144,0.00178178907627,2.51622336248e-11
0.812222222222,0.628328828803,0.0363279131098,0.00166874357579,0.00166874356713,8.65522345635e-12
0.812222222222,0.63834696126,0.0370988792486,0.00155412560213,0.00155412558479,1.73483536564e-11
0.812222222222,0.648365093716,0.0378813931477,0.00143893034359,0.00143893033152,1.20692516311e-11
0.812222222222,0.658383226173,0.038675876885,0.00132415264812,0.00132415262934,1.8777884846e-11
0.812222222222,0.66840135863,0.0394827704322,0.0012107696528,0.00121076966424,-1.14399841596e-11
0.812222222222,0.678419491087,0.0403025326764,0.00109972313721,0.00109972313572,1.48675212766e-12
0.812222222222,0.688437623544,0.0411356425112,0.000991902112252,0.000991902099671,1.2580703623e-11
0.812222222222,0.698455756001,0.041982600002,0.000888126162335,0.000888126179789,-1.74542741371e-11
0.812222222222,0.708473888458,0.0428439276322,0.000789130079545,0.000789130072919,6.62667989058e-12
0.812222222222,0.718492020915,0.0437201716373,0.000695550322199,0.000695550345361,-2.31619515234e-11
0.812222222222,0.728510153372,0.0446119034331,0.000607913805406,0.000607913804726,6.79739034157e-13
0.812222222222,0.738528285829,0.0455197211468,0.00052662947371,0.000526629497573,-2.38628632913e-11
0.812222222222,0.748546418286,0.0464442512598,0.000451983031557,0.000451983041027,-9.46942524394e-12
0.812222222222,0.758564550743,0.0473861503717,0.000384135098105,0.00038413512418,-2.60744230027e-11
0.812222222222,0.768582683199,0.0483461070955,0.000323122924945,0.00032312296014,-3.51957506108e-11
0.812222222222,0.778600815656,0.049324844097,0.000268865674447,0.000268865695802,-2.13556130245e-11
0.812222222222,0.788618948113,0.0503231202898,0.000221173091577,0.000221173109537,-1.79590968832e-11
0.812222222222,0.79863708057,0.051341733201,0.000179757251167,0.00017975728303,-3.18626093392e-11
0.812222222222,0.808655213027,0.0523815215234,0.000144246902339,0.000144246933725,-3.13859650075e-11
0.812222222222,0.818673345484,0.053443367871,0.000114203804538,0.000114203836403,-3.18647734067e-11
0.812222222222,0.828691477941,0.0545282017572,8.9140335946e-05,8.91403536149e-05,-1.76688709237e-11
0.812222222222,0.838709610398,0.0556370028172,6.85375942111e-05,6.85376091656e-05,-1.49544541247e-11
0.812222222222,0.848727742855,0.0567708042987,5.18631851354e-05,5.18632106893e-05,-2.55538663146e-11
0.812222222222,0.858745875312,0.0579306968464,3.8587917861e-05,3.85879403842e-05,-2.25231775505e-11
0.812222222222,0.868764007769,0.0591178326101,2.82007163455e-05,2.82007108385e-05,5.50696836223e-12
0.812222222222,0.878782140225,0.0603334297102,2.02211690448e-05,2.02211900472e-05,-2.10023966534e-11
0.812222222222,0.888800272682,0.0615787770949,1.42093159461e-05,1.42093282161e-05,-1.22700166e-11
0.812222222222,0.898818405139,0.062855239833,9.77245534495e-06,9.77247096906e-06,-1.56241120302e-11
0.812222222222,0.908836537596,0.0641642648861,6.56895288165e-06,6.56897011098e-06,-1.72293303756e-11
0.812222222222,0.918854670053,0.0655073874131,4.30923449701e-06,4.30923923204e-06,-4.73502790796e-12
0.812222222222,0.92887280251,0.0668862376641,2.75430372954e-06,2.75432238022e-06,-1.8650687765e-11
0.812222222222,0.938890934967,0.0683025485305,1.71225603141e-06,1.71224683495e-06,9.19645761453e-12
0.812222222222,0.948909067424,0.0697581638243,1.03334091284e-06,1.03334788076e-06,-6.96792189919e-12
0.812222222222,0.958927199881,0.0712550473698,6.04141459082e-07,6.04136308744e-07,5.1503378385e-12
0.812222222222,0.968945332338,0.0727952930038,3.41410372195e-07,3.41412195254e-07,-1.82305884798e-12
0.812222222222,0.978963464795,0.074381135591,1.86035215011e-07,1.86035171803e-07,4.32080586588e-14
0.812222222222,0.988981597252,0.0760149631763,9.74842429002e-08,9.74912030989e-08,-6.96019869344e-12
0.812222222222,0.998999729708,0.0776993304159,4.89809581783e-08,4.89851203201e-08,-4.16214176839e-12
0.812222222222,1.00901786217,0.079436973443,2.35229891121e-08,2.35318534292e-08,-8.86431704948e-12
0.812222222222,1.01903599462,0.0812308263549,1.07601427768e-08,1.07566160022e-08,3.5267745755e-12
0.812222222222,1.02905412708,0.0830840395274,4.67001437521e-09,4.67125009767e-09,-1.23572246186e-12
0.812222222222,1.03907225954,0.085,1.91513471748e-09,1.91265868833e-09,2.47602914734e-12
0.911111111111,-0.463647609001,-0.025,4.01501371454e-07,4.01509398759e-07,-8.02730511535e-12
0.911111111111,-0.453629476544,-0.0243769666932,4.99031439023e-07,4.99031069103e-07,3.69919552165e-13
0.911111111111,-0.443611344087,-0.0237599900872,6.17282106197e-07,6.17289483318e-07,-7.37712124205e-12
0.911111111111,-0.43359321163,-0.0231488602184,7.60010312905e-07,7.5999739361e-07,1.29192955775e-11
0.911111111111,-0.423575079173,-0.0225433734096,9.31531444672e-07,9.31522994222e-07,8.4504508542e-12
0.911111111111,-0.413556946716,-0.0219433319732,1.13678244168e-06,1.13677949708e-06,2.94459894429e-12
0.911111111111,-0.403538814259,-0.0213485439287,1.381389215e-06,1.38138365172e-06,5.56328356647e-12
0.911111111111,-0.393520681802,-0.0207588227338,1.67173821663e-06,1.67173886602e-06,-6.49391869548e-13
0.911111111111,-0.383502549346,-0.0201739870282,2.0150522069e-06,2.01505618593e-06,-3.97902135299e-12
0.911111111111,-0.373484416889,-0.0195938603902,2.41947048879e-06,2.41948148139e-06,-1.09926014354e-11
0.911111111111,-0.363466284432,-0.0190182711034,2.89413241306e-06,2.89412928037e-06,3.13268367452e-12
0.911111111111,-0.353448151975,-0.0184470519352,3.44926518828e-06,3.44925540212e-06,9.7861588781e-12
0.911111111111,-0.343430019518,-0.0178800399241,4.09627444376e-06,4.09626527437e-06,9.16939280784e-12
0.911111111111,-0.333411887061,-0.0173170761779,4.8478384243e-06,4.84783002812e-06,8.39617907925e-12
0.911111111111,-0.323393754604,-0.0167580056787,5.71800390352e-06,5.71799310358e-06,1.07999335623e-11
0.911111111111,-0.313375622147,-0.0162026770985,6.7222851255e-06,6.72227953933e-06,5.58616854742e-12
0.911111111111,-0.30335748969,-0.0156509426205,7.87776331222e-06,7.87775979891e-06,3.51330709384e-12
0.911111111111,-0.293339357233,-0.0151026577694,9.2031874416e-06,9.20318239884e-06,5.0427527229e-12
0.911111111111,-0.283321224776,-0.0145576812471,1.07190750034e-05,1.0719079233e-05,-4.22962331121e-12
0.911111111111,-0.273303092319,-0.0140158747764,1.2447811751e-05,1.24478185283e-05,-6.77737360963e-12
0.911111111111,-0.263284959863,-0.0134771029497,1.44137500572e-05,1.4413756193e-05,-6.1357859152e-12
0.911111111111,-0.253266827406,-0.0129412330837,1.66433044778e-05,1.6643295804e-05,8.67383368838e-12
0.911111111111,-0.243248694949,-0.0124081350797,1.91650432434e-05,1.91650345268e-05,8.71657370713e-12
0.911111111111,-0.233230562492,-0.0118776812888,2.20097752164e-05,2.20097771893e-05,-1.97283363623e-12
0.911111111111,-0.223212430035,-0.0113497463819,2.52106302616e-05,2.52106332785e-05,-3.01692207322e-12
0.911111111111,-0.213194297578,-0.0108242072238,2.88031322641e-05,2.88031314475e-05,8.16659806051e-13
0.911111111111,-0.203176165121,-0.0103009427524,3.28252630222e-05,3.28252744318e-05,-1.14096317301e-11
0.911111111111,-0.193158032664,-0.00977983386053,3.73175154902e-05,3.73175178468e-05,-2.35660465073e-12
0.911111111111,-0.183139900207,-0.00926076328247,4.23229349429e-05,4.23229501659e-05,-1.52229823731e-11
0.911111111111,-0.17312176775,-0.00874361548341,4.78871460812e-05,4.78871399732e-05,6.10794459444e-12
0.911111111111,-0.163103635293,-0.00822827655213,5.4058364905e-05,5.40583666011e-05,-1.69609665261e-12
0.911111111111,-0.153085502837,-0.00771463409674,6.08873923695e-05,6.088738961e-05,2.75944467742e-12
0.911111111111,-0.14306737038,-0.00720257714313,6.8427589312e-05,6.84275884742e-05,8.37808406093e-13
0.911111111111,-0.133049237923,-0.00669199603594,7.67348297143e-05,7.67348333698e-05,-3.65549814539e-12
0.911111111111,-0.123031105466,-0.00618278234193,8.58674303579e-05,8.58674242891e-05,6.06881949208e-12
0.911111111111,-0.113012973009,-0.00567482875553,9.58860553847e-05,9.58860630955e-05,-7.71073728142e-12
0.911111111111,-0.102994840552,-0.00516802900634,0.000106853593229,0.000106853603012,-9.7827469053e-12
0.911111111111,-0.092976708095,-0.00466227776851,0.00011883500349,0.000118835009523,-6.03354303639e-12
0.911111111111,-0.0829585756381,-0.00415747057172,0.000131897133117,0.000131897132401,7.16625516524e-13
0.911111111111,-0.0729404431812,-0.00365350371365,0.000146108497501,0.000146108512185,-1.46839367651e-11
0.911111111111,-0.0629223107243,-0.00315027417389,0.000161539027121,0.000161539039646,-1.25251261186e-11
0.911111111111,-0.0529041782674,-0.00264767952885,0.000178259775473,0.000178259776659,-1.18624039628e-12
0.911111111111,-0.0428860458105,-0.00214561786788,0.000196342587871,0.00019634259604,-8.16960521043e-12
0.911111111111,-0.0328679133536,-0.00164398771014,0.000215859729159,0.000215859738685,-9.52537655414e-12
0.911111111111,-0.0228497808966,-0.0011426879223,0.00023688346799,0.000236883483183,-1.51928792084e-11
0.911111111111,-0.0128316484397,-0.000641617636745,0.000259485617313,0.000259485633308,-1.599491351e-11
0.911111111111,-0.00281351598282,-0.000140676170333,0.000283737029344,0.000283737035154,-5.8100986587e-12
0.911111111111,0.00720461647409,0.000360237056607,0.000309707043972,0.000309707056496,-1.25236511699e-11
0.911111111111,0.017222748931,0.000861222601068,0.00033746289049,0.000337462904516,-1.40256914156e-11
0.911111111111,0.0272408813879,0.00136238107812,0.000367069041992,0.000367069046831,-4.83929709456e-12
0.911111111111,0.0372590138448,0.00186381324178,0.000398586522754,0.000398586531893,-9.13908868288e-12
0.911111111111,0.0472771463017,0.00236562006609,0.000432072169206,0.000432072184918,-1.57116365274e-11
0.911111111111,0.0572952787587,0.00286790282662,0.000467577845424,0.00046757785414,-8.71565542177e-12
0.911111111111,0.0673134112156,0.00337076318243,0.000505149615104,0.000505149632702,-1.75976721259e-11
0.911111111111,0.0773315436725,0.0038743032587,0.000544826872109,0.000544826886627,-1.45175815813e-11
0.911111111111,0.0873496761294,0.00437862573024,0.000586641432346,0.000586641451786,-1.94396615775e-11
0.911111111111,0.0973678085863,0.00488383390582,0.000630616591236,0.000630616607674,-1.64387623522e-11
0.911111111111,0.107385941043,0.0053900318137,0.000676766150755,0.000676766174561,-2.38065539504e-11
0.911111111111,0.1174040735,0.00589732428833,0.000725093421755,0.000725093437274,-1.55193741972e-11
0.911111111111,0.127422205957,0.00640581705854,0.00077559020754,0.000775590224193,-1.66537608356e-11
0.911111111111,0.137440338414,0.00691561683719,0.00082823577639,0.000828235789065,-1.26749894218e-11
0.911111111111,0.147458470871,0.00742683141263,0.000882995831114,0.000882995844074,-1.29591913372e-11
0.911111111111,0.157476603328,0.00793956974201,0.000939821484963,0.000939821500135,-1.51719084344e-11
0.911111111111,0.167494735785,0.0084539420467,0.000998648254738,0.000998648268658,-1.39204546327e-11
0.911111111111,0.177512868242,0.0089700599099,0.00105939508247,0.00105939510583,-2.33511515246e-11
0.911111111111,0.187531000699,0.0094880363768,0.00112196339888,0.00112196341698,-1.81087460565e-11
0.911111111111,0.197549133155,0.0100079860572,0.00118623624233,0.00118623625697,-1.4642767901e-11
0.911111111111,0.207567265612,0.0105300252314,0.00125207744895,0.00125207747123,-2.22777336942e-11
0.911111111111,0.217585398069,0.0110542719582,0.00131933093001,0.00131933095872,-2.87076749091e-11
0.911111111111,0.227603530526,0.0115808461875,0.00138782005421,0.00138782006705,-1.28436488875e-11
0.911111111111,0.237621662983,0.0121098698755,0.00145734715349,0.001457347172,-1.85085226225e-11
0.911111111111,0.24763979544,0.0126414671037,0.00152769317158,0.00152769318569,-1.41122400224e-11
0.911111111111,0.257657927897,0.0131757642024,0.00159861747599,0.00159861749785,-2.18656447115e-11
0.911111111111,0.267676060354,0.0137128898779,0.00166985785373,0.00166985786361,-9.87992240103e-12
0.911111111111,0.277694192811,0.0142529753449,0.00174113071259,0.00174113073333,-2.07324407208e-11
0.911111111111,0.287712325268,0.0147961544633,0.00181213150885,0.0018121315208,-1.19520381005e-11
0.911111111111,0.297730457725,0.0153425638804,0.00188253542302,0.00188253543493,-1.19130746934e-11
0.911111111111,0.307748590181,0.0158923431784,0.001951998304,0.0019519983174,-1.33965252086e-11
0.911111111111,0.317766722638,0.0164456350284,0.00202015790159,0.0020201579103,-8.71415656648e-12
0.911111111111,0.327784855095,0.0170025853497,0.00208663540533,0.00208663540884,-3.50946311942e-12
0.911111111111,0.337802987552,0.0175633434769,0.0021510373065,0.00215103731795,-1.14587475793e-11
0.911111111111,0.347821120009,0.0181280623329,0.00221295759672,0.00221295760144,-4.71932389001e-12
0.911111111111,0.357839252466,0.0186968986103,0.00227198031377,0.00227198032218,-8.40749778824e-12
0.911111111111,0.367857384923,0.0192700129608,0.00232768244223,0.0023276824435,-1.2747598116e-12
0.911111111111,0.37787551738,0.0198475701924,0.00237963717006,0.00237963716297,7.08936381821e-12
0.911111111111,0.387893649837,0.0204297394763,0.00242741749951,0.00242741749918,3.30036779156e-13
0.911111111111,0.397911782294,0.0210166945635,0.00247060020192,0.00247060019143,1.04886737316e-11
0.911111111111,0.407929914751,0.0216086140109,0.0025087701017,0.0025087700864,1.53002376393e-11
0.911111111111,0.417948047208,0.0222056814195,0.00254152466527,0.00254152464722,1.80553367396e-11
0.911111111111,0.427966179664,0.022808085683,0.00256847886292,0.00256847884305,1.98739848363e-11
0.911111111111,0.437984312121,0.0234160212496,0.00258927026322,0.00258927024208,2.11306588546e-11
0.911111111111,0.448002444578,0.0240296883965,0.00260356430897,0.00260356429772,1.12511237306e-11
0.911111111111,0.458020577035,0.0246492935189,0.00261105971398,0.00261105969217,2.18120040259e-11
0.911111111111,0.468038709492,0.0252750494334,0.00261149391004,0.00261149388956,2.04821650092e-11
0.911111111111,0.478056841949,0.0259071756975,0.00260464846247,0.00260464843762,2.48486639251e-11
0.911111111111,0.488074974406,0.0265458989466,0.00259035436233,0.00259035434434,1.79922561225e-11
0.911111111111,0.498093106863,0.0271914532482,0.00256849709473,0.00256849708042,1.43106607293e-11
0.911111111111,0.50811123932,0.0278440804762,0.00253902137206,0.0025390213323,3.97598893913e-11
0.911111111111,0.518129371777,0.0285040307055,0.00250193541529,0.00250193537659,3.86907498227e-11
0.911111111111,0.528147504234,0.0291715626291,0.00245731465917,0.00245731462686,3.23106662953e-11
0.911111111111,0.53816563669,0.0298469439978,0.00240530475397,0.00240530470753,4.64333020818e-11
0.911111111111,0.548183769147,0.0305304520865,0.00234612373633,0.00234612371482,2.15086286455e-11
0.911111111111,0.558201901604,0.0312223741863,0.00228006324203,0.0022800631929,4.91275054491e-11
0.911111111111,0.568220034061,0.0319230081263,0.00220748864244,0.00220748861289,2.95458553456e-11
0.911111111111,0.578238166518,0.0326326628259,0.0021288379936,0.00212883796434,2.92535240823e-11
0.911111111111,0.588256298975,0.0333516588807,0.00204461970448,0.00204461966702,3.74631107386e-11
0.911111111111,0.598274431432,0.0340803291834,0.00195540884994,0.00195540881479,3.51520396992e-11
0.911111111111,0.608292563889,0.034819019584,0.0018618420785,0.00186184206984,8.65468222262e-12
0.911111111111,0.618310696346,0.0355680895896,0.00176461109658,0.00176461107911,1.74762871275e-11
0.911111111111,0.628328828803,0.0363279131098,0.00166445474663,0.00166445473353,1.31003164046e-11
0.911111111111,0.63834696126,0.0370988792486,0.00156214973544,0.0015621497142,2.12368568911e-11
0.911111111111,0.648365093716,0.0378813931477,0.00145850011464,0.00145850009957,1.50658452727e-11
0.911111111111,0.658383226173,0.038675876885,0.00135432566068,0.00135432564103,1.96520620957e-11
0.911111111111,0.66840135863,0.0394827704322,0.00125044935337,0.00125044936066,-7.28808723441e-12
0.911111111111,0.678419491087,0.0403025326764,0.00114768419497,0.00114768418536,9.60729607848e-12
0.911111111111,0.688437623544,0.0411356425112,0.00104681966283,0.00104681965194,1.08887918213e-11
0.911111111111,0.698455756001,0.041982600002,0.000948608127882,0.000948608135379,-7.49738183863e-12
0.911111111111,0.708473888458,0.0428439276322,0.000853751601845,0.000853751609819,-7.97391189536e-12
0.911111111111,0.718492020915,0.0437201716373,0.000762889205766,0.000762889225715,-1.99486750903e-11
0.911111111111,0.728510153372,0.0446119034331,0.000676585755963,0.000676585756915,-9.52733985454e-13
0.911111111111,0.738528285829,0.0455197211468,0.000595321865554,0.000595321876348,-1.07935179891e-11
0.911111111111,0.748546418286,0.0464442512598,0.000519485931633,0.000519485939678,-8.04568326025e-12
0.911111111111,0.758564550743,0.0473861503717,0.000449368341496,0.000449368363822,-2.23265639917e-11
0.911111111111,0.768582683199,0.0483461070955,0.000385158167651,0.000385158194267,-2.66156864343e-11
0.911111111111,0.778600815656,0.049324844097,0.000326942544357,0.000326942565731,-2.13742795165e-11
0.911111111111,0.788618948113,0.0503231202898,0.000274708819303,0.000274708836795,-1.74921325254e-11
0.911111111111,0.79863708057,0.051341733201,0.00022834946739,0.00022834949723,-2.98392172516e-11
0.911111111111,0.808655213027,0.0523815215234,0.0001876696306,0.000187669675012,-4.44125446055e-11
0.911111111111,0.818673345484,0.053443367871,0.000152397028469,0.000152397058641,-3.01722295152e-11
0.911111111111,0.828691477941,0.0545282017572,0.000122193868426,0.000122193890791,-2.23643347765e-11
0.911111111111,0.838709610398,0.0556370028172,9.66702756733e-05,9.66702811783e-05,-5.50504693914e-12
0.911111111111,0.848727742855,0.0567708042987,7.53986854896e-05,7.53987124895e-05,-2.69999493683e-11
0.911111111111,0.858745875312,0.0579306968464,5.79285801272e-05,5.79286070548e-05,-2.69276287466e-11
0.911111111111,0.868764007769,0.0591178326101,4.38009373216e-05,4.38009434574e-05,-6.1358422683e-12
0.911111111111,0.878782140225,0.0603334297102,3.2561773694e-05,3.25618072252e-05,-3.35311732807e-11
0.911111111111,0.888800272682,0.0615787770949,2.37742245335e-05,2.37742373406e-05,-1.28071069375e-11
0.911111111111,0.898818405139,0.062855239833,1.70287048351e-05,1.70287255755e-05,-2.0740380767e-11
0.911111111111,0.908836537596,0.0641642648861,1.19508129781e-05,1.19508289519e-05,-1.59737973716e-11
0.911111111111,0.918854670053,0.0655073874131,8.20680398639e-06,8.20681005334e-06,-6.0669490265e-12
0.911111111111,0.92887280251,0.0668862376641,5.50660600451e-06,5.50661524805e-06,-9.24353779283e-12
0.911111111111,0.938890934967,0.0683025485305,3.60452043213e-06,3.60451919591e-06,1.23622032749e-12
0.911111111111,0.948909067424,0.0697581638243,2.29787952555e-06,2.29788880745e-06,-9.28189708253e-12
0.911111111111,0.958927199881,0.0712550473698,1.42404116277e-06,1.42404344431e-06,-2.28154127535e-12
0.911111111111,0.968945332338,0.0727952930038,8.56175130792e-07,8.56173608231e-07,1.52256115701e-12
0.911111111111,0.978963464795,0.074381135591,4.98310420705e-07,4.98311648622e-07,-1.22791707358e-12
0.911111111111,0.988981597252,0.0760149631763,2.80091921878e-07,2.80102383119e-07,-1.04612408146e-11
0.911111111111,0.998999729708,0.0776993304159,1.51648138491e-07,1.51655196987e-07,-7.05849593184e-12
0.911111111111,1.00901786217,0.079436973443,7.88633047755e-08,7.88743268405e-08,-1.10220649881e-11
0.911111111111,1.01903599462,0.0812308263549,3.92702537155e-08,3.92654596183e-08,4.79409719388e-12
0.911111111111,1.02905412708,0.0830840395274,1.866048982e-08,1.86654295533e-08,-4.93973330122e-12
0.911111111111,1.03907225954,0.085,8.43006220386e-09,8.42374974831e-09,6.31245554959e-12
1.01,-0.463647609001,-0.025,9.0089277074e-07,9.00887286502e-07,5.4842371077e-12
1.01,-0.453629476544,-0.0243769666932,1.09614320061e-06,1.0961408193e-06,2.38130919822e-12
1.01,-0.443611344087,-0.0237599900872,1.32794642124e-06,1.32794259769e-06,3.82354987092e-12
1.01,-0.43359321163,-0.0231488602184,1.60203347635e-06,1.60204579612e-06,-1.23197715614e-11
1.01,-0.423575079173,-0.0225433734096,1.92484851061e-06,1.92484656169e-06,1.94891833647e-12
1.01,-0.413556946716,-0.0219433319732,2.30361120582e-06,2.30360664585e-06,4.55996355643e-12
1.01,-0.403538814259,-0.0213485439287,2.74638186066e-06,2.74638722881e-06,-5.36815127457e-12
1.01,-0.393520681802,-0.0207588227338,3.26212860034e-06,3.26212410753e-06,4.4928059296e-12
1.01,-0.383502549346,-0.0201739870282,3.86079615137e-06,3.86079296244e-06,3.18892708785e-12
1.01,-0.373484416889,-0.0195938603902,4.55337609736e-06,4.55336409934e-06,1.19980230322e-11
1.01,-0.363466284432,-0.0190182711034,5.35197902851e-06,5.3519703856e-06,8.64291081263e-12
1.01,-0.353448151975,-0.0184470519352,6.26990643415e-06,6.26991294981e-06,-6.51565543073e-12
1.01,-0.343430019518,-0.0178800399241,7.3217237365e-06,7.3217309604e-06,-7.22389990352e-12
1.01,-0.333411887061,-0.0173170761779,8.52333253367e-06,8.52332572522e-06,6.80845050308e-12
1.01,-0.323393754604,-0.0167580056787,9.89204251064e-06,9.89204022232e-06,2.28831626499e-12
1.01,-0.313375622147,-0.0162026770985,1.14466417615e-05,1.14466438702e-05,-2.10868337731e-12
1.01,-0.30335748969,-0.0156509426205,1.32074652545e-05,1.32074596827e-05,5.57176984028e-12
1.01,-0.293339357233,-0.0151026577694,1.51964604832e-05,1.51964659298e-05,-5.44657921771e-12
1.01,-0.283321224776,-0.0145576812471,1.74372500152e-05,1.74372631457e-05,-1.31304489308e-11
1.01,-0.273303092319,-0.0140158747764,1.99551894633e-05,1.99551996168e-05,-1.0153446836e-11
1.01,-0.263284959863,-0.0134771029497,2.27774208583e-05,2.27774280216e-05,-7.16331659449e-12
1.01,-0.253266827406,-0.0129412330837,2.59329200338e-05,2.5932923345e-05,-3.3111865978e-12
1.01,-0.243248694949,-0.0124081350797,2.94525369441e-05,2.94525382851e-05,-1.34097718823e-12
1.01,-0.233230562492,-0.0118776812888,3.33690287137e-05,3.33690204739e-05,8.23980196818e-12
1.01,-0.223212430035,-0.0113497463819,3.77170838875e-05,3.77170833244e-05,5.63155235335e-13
1.01,-0.213194297578,-0.0108242072238,4.25333366246e-05,4.25333404637e-05,-3.83911582673e-12
1.01,-0.203176165121,-0.0103009427524,4.78563704585e-05,4.7856377432e-05,-6.97349980766e-12
1.01,-0.193158032664,-0.00977983386053,5.37267101208e-05,5.37267108517e-05,-7.30936687045e-13
1.01,-0.183139900207,-0.00926076328247,6.01868001805e-05,6.0186804658e-05,-4.47753725779e-12
1.01,-0.17312176775,-0.00874361548341,6.72809695207e-05,6.7280974165e-05,-4.64425546631e-12
1.01,-0.163103635293,-0.00822827655213,7.50553807955e-05,7.5055372207e-05,8.58849741271e-12
1.01,-0.153085502837,-0.00771463409674,8.3557963136e-05,8.35579633861e-05,-2.50106887783e-13
1.01,-0.14306737038,-0.00720257714313,9.28383269376e-05,9.28383276477e-05,-7.10044707492e-13
1.01,-0.133049237923,-0.00669199603594,0.00010294766029,0.000102947674543,-1.425287583e-11
1.01,-0.123031105466,-0.00618278234193,0.000113938604985,0.000113938599022,5.96305866013e-12
1.01,-0.113012973009,-0.00567482875553,0.000125865110926,0.000125865117053,-6.12620639439e-12
1.01,-0.102994840552,-0.00516802900634,0.000138782268943,0.000138782281336,-1.23934590888e-11
1.01,-0.092976708095,-0.00466227776851,0.000152746119138,0.000152746127174,-8.03531704065e-12
1.01,-0.0829585756381,-0.00415747057172,0.000167813435191,0.000167813450231,-1.50403722137e-11
1.01,-0.0729404431812,-0.00365350371365,0.00018404148286,0.000184041489161,-6.3010130696e-12
1.01,-0.0629223107243,-0.00315027417389,0.000201487751557,0.000201487756778,-5.22120159065e-12
1.01,-0.0529041782674,-0.00264767952885,0.000220209658758,0.000220209672481,-1.3723130271e-11
1.01,-0.0428860458105,-0.00214561786788,0.000240264226075,0.000240264233367,-7.29210344452e-12
1.01,-0.0328679133536,-0.00164398771014,0.000261707726046,0.00026170773223,-6.18453226998e-12
1.01,-0.0228497808966,-0.0011426879223,0.000284595299941,0.000284595310672,-1.07302893242e-11
1.01,-0.0128316484397,-0.000641617636745,0.000308980545431,0.000308980564091,-1.86598781132e-11
1.01,-0.00281351598282,-0.000140676170333,0.00033491507425,0.000334915080972,-6.72200793292e-12
1.01,0.00720461647409,0.000360237056607,0.000362448039884,0.000362448046664,-6.77984822147e-12
1.01,0.017222748931,0.000861222601068,0.000391625635833,0.000391625652949,-1.71159873384e-11
1.01,0.0272408813879,0.00136238107812,0.000422490563953,0.000422490578673,-1.47202283457e-11
1.01,0.0372590138448,0.00186381324178,0.000455081475075,0.000455081482858,-7.7828740631e-12
1.01,0.0472771463017,0.00236562006609,0.000489432381864,0.00048943239018,-8.31585527435e-12
1.01,0.0572952787587,0.00286790282662,0.000525572045906,0.000525572059505,-1.35993391027e-11
1.01,0.0673134112156,0.00337076318243,0.00056352334086,0.000563523349698,-8.83857743939e-12
1.01,0.0773315436725,0.0038743032587,0.000603302593677,0.000603302602798,-9.12119620285e-12
1.01,0.0873496761294,0.00437862573024,0.00064491890672,0.000644918929387,-2.26675136994e-11
1.01,0.0973678085863,0.00488383390582,0.00068837346422,0.000688373478312,-1.40923900153e-11
1.01,0.107385941043,0.0053900318137,0.000733658826195,0.000733658848283,-2.20877347445e-11
1.01,0.1174040735,0.00589732428833,0.000780758214422,0.000780758231017,-1.65950633227e-11
1.01,0.127422205957,0.00640581705854,0.000829644795745,0.000829644817052,-2.13063040518e-11
1.01,0.137440338414,0.00691561683719,0.000880280966857,0.000880280978031,-1.11746460609e-11
1.01,0.147458470871,0.00742683141263,0.00093261764823,0.000932617665711,-1.7481301671e-11
1.01,0.157476603328,0.00793956974201,0.000986593592838,0.000986593611688,-1.88499617391e-11
1.01,0.167494735785,0.0084539420467,0.00104213471741,0.0010421347354,-1.79960395544e-11
1.01,0.177512868242,0.0089700599099,0.0010991534646,0.00109915348187,-1.72782825374e-11
1.01,0.187531000699,0.0094880363768,0.00115754820479,0.00115754821605,-1.12565367184e-11
1.01,0.197549133155,0.0100079860572,0.00121720268707,0.00121720270959,-2.2524939379e-11
1.01,0.207567265612,0.0105300252314,0.00127798554957,0.00127798555985,-1.02770908103e-11
1.01,0.217585398069,0.0110542719582,0.00133974990057,0.00133974991824,-1.76723345159e-11
1.01,0.227603530526,0.0115808461875,0.00140233298158,0.0014023330068,-2.52149243325e-11
1.01,0.237621662983,0.0121098698755,0.00146555592501,0.00146555593356,-8.54702550054e-12
1.01,0.24763979544,0.0126414671037,0.00152922361883,0.00152922363012,-1.12868863561e-11
1.01,0.257657927897,0.0131757642024,0.00159312469177,0.00159312470241,-1.0644000438e-11
1.01,0.267676060354,0.0137128898779,0.00165703163293,0.00165703163857,-5.63522427506e-12
1.01,0.277694192811,0.0142529753449,0.00172070105887,0.00172070107689,-1.80248721764e-11
1.01,0.287712325268,0.0147961544633,0.0017838741429,0.00178387415645,-1.354668786e-11
1.01,0.297730457725,0.0153425638804,0.00184627721989,0.00184627722894,-9.04619218076e-12
1.01,0.307748590181,0.0158923431784,0.00190762258039,0.00190762258951,-9.1283890169e-12
1.01,0.317766722638,0.0164456350284,0.00196760946666,0.00196760947315,-6.4911426928e-12
1.01,0.327784855095,0.0170025853497,0.00202592528294,0.00202592528637,-3.42768435163e-12
1.01,0.337802987552,0.0175633434769,0.00208224703081,0.00208224703363,-2.81420373116e-12
1.01,0.347821120009,0.0181280623329,0.00213624297881,0.00213624297688,1.92128127643e-12
1.01,0.357839252466,0.0186968986103,0.00218757457411,0.00218757457716,-3.05136731854e-12
1.01,0.367857384923,0.0192700129608,0.0022358986014,0.00223589859643,4.97027852903e-12
1.01,0.37787551738,0.0198475701924,0.00228086959092,0.00228086958903,1.88629580705e-12
1.01,0.387893649837,0.0204297394763,0.00232214247565,0.00232214248234,-6.68450277769e-12
1.01,0.397911782294,0.0210166945635,0.00235937549243,0.00235937548654,5.89268477763e-12
1.01,0.407929914751,0.0216086140109,0.00239223331859,0.00239223329896,1.96307419105e-11
1.01,0.417948047208,0.0222056814195,0.00242039043022,0.00242039042052,9.70186821506e-12
1.01,0.427966179664,0.022808085683,0.00244353466393,0.00244353465448,9.4559629224e-12
1.01,0.437984312121,0.0234160212496,0.00246137095653,0.0024613709396,1.69349122399e-11
1.01,0.448002444578,0.0240296883965,0.00247362523307,0.00247362522669,6.37656160513e-12
1.01,0.458020577035,0.0246492935189,0.00248004840454,0.00248004838708,1.74588269189e-11
1.01,0.468038709492,0.0252750494334,0.00248042043263,0.00248042041379,1.88329603648e-11
1.01,0.478056841949,0.0259071756975,0.00247455440796,0.00247455439334,1.4623257466e-11
1.01,0.488074974406,0.0265458989466,0.00246230058574,0.00246230057343,1.23059930301e-11
1.01,0.498093106863,0.0271914532482,0.00244355031062,0.00244355030332,7.29382656703e-12
1.01,0.50811123932,0.0278440804762,0.00241823976042,0.00241823973326,2.71569346871e-11
1.01,0.518129371777,0.0285040307055,0.00238635342853,0.00238635340233,2.61990641855e-11
1.01,0.528147504234,0.0291715626291,0.00234792726098,0.00234792723624,2.47459106158e-11
1.01,0.53816563669,0.0298469439978,0.00230305136024,0.00230305132554,3.47014791034e-11
1.01,0.548183769147,0.0305304520865,0.00225187216259,0.00225187215189,1.07007957183e-11
1.01,0.558201901604,0.0312223741863,0.00219459399771,0.00219459395227,4.54344019005e-11
1.01,0.568220034061,0.0319230081263,0.00213147993686,0.00213147990931,2.75434623026e-11
1.01,0.578238166518,0.0326326628259,0.00206285184219,0.00206285180936,3.28292757562e-11
1.01,0.588256298975,0.0333516588807,0.00198908953364,0.00198908950247,3.11667731553e-11
1.01,0.598274431432,0.0340803291834,0.00191062900119,0.00191062897077,3.04242995814e-11
1.01,0.608292563889,0.034819019584,0.00182795960181,0.00182795959322,8.58836808094e-12
1.01,0.618310696346,0.0355680895896,0.00174162019792,0.0017416201819,1.602100245e-11
1.01,0.628328828803,0.0363279131098,0.00165219421384,0.00165219419414,1.96935419361e-11
1.01,0.63834696126,0.0370988792486,0.00156030361204,0.00156030358535,2.66959334413e-11
1.01,0.648365093716,0.0378813931477,0.00146660181791,0.00146660179375,2.41525161416e-11
1.01,0.658383226173,0.038675876885,0.00137176565346,0.00137176563257,2.08914491609e-11
1.01,0.66840135863,0.0394827704322,0.00127648637487,0.00127648637473,1.36721363397e-13
1.01,0.678419491087,0.0403025326764,0.00118145994273,0.00118145993392,8.80869270754e-12
1.01,0.688437623544,0.0411356425112,0.00108737669334,0.00108737668747,5.87400267316e-12
1.01,0.698455756001,0.041982600002,0.000994910612576,0.000994910609636,2.93960992701e-12
1.01,0.708473888458,0.0428439276322,0.000904708449337,0.000904708442082,7.25518538476e-12
1.01,0.718492020915,0.0437201716373,0.000817378937104,0.000817378945839,-8.73483598819e-12
1.01,0.728510153372,0.0446119034331,0.000733482411266,0.000733482414139,-2.87229983721e-12
1.01,0.738528285829,0.0455197211468,0.000653521130406,0.000653521138447,-8.04112505748e-12
1.01,0.748546418286,0.0464442512598,0.000577930614545,0.000577930613507,1.03871837347e-12
1.01,0.758564550743,0.0473861503717,0.000507072305186,0.000507072316768,-1.15820191979e-11
1.01,0.768582683199,0.0483461070955,0.000441227831979,0.000441227850272,-1.82928507411e-11
1.01,0.778600815656,0.049324844097,0.000380595139293,0.000380595144261,-4.96751771661e-12
1.01,0.788618948113,0.0503231202898,0.000325286671002,0.000325286703042,-3.20404037503e-11
1.01,0.79863708057,0.051341733201,0.000275329751082,0.000275329784152,-3.30699905394e-11
1.01,0.808655213027,0.0523815215234,0.000230669216367,0.000230669253051,-3.66843009962e-11
1.01,0.818673345484,0.053443367871,0.000191172270653,0.000191172296694,-2.60412934706e-11
1.01,0.828691477941,0.0545282017572,0.000156635433859,0.000156635449826,-1.59668972922e-11
1.01,0.838709610398,0.0556370028172,0.000126793359978,0.000126793356558,3.41998152888e-12
1.01,0.848727742855,0.0567708042987,0.000101329208774,0.000101329228656,-1.98826231087e-11
1.01,0.858745875312,0.0579306968464,7.98861665707e-05,7.98861866947e-05,-2.0123981908e-11
1.01,0.868764007769,0.0591178326101,6.2079652946e-05,6.20796517574e-05,1.18863816359e-12
1.01,0.878782140225,0.0603334297102,4.75097010344e-05,4.75097262156e-05,-2.5181187864e-11
1.01,0.888800272682,0.0615787770949,3.57729906808e-05,3.57729948108e-05,-4.12996134687e-12
1.01,0.898818405139,0.062855239833,2.6474029774e-05,2.64740565917e-05,-2.68177103788e-11
1.01,0.908836537596,0.0641642648861,1.92350296802e-05,1.92350469162e-05,-1.7236045707e-11
1.01,0.918854670053,0.0655073874131,1.37041036852e-05,1.37041056654e-05,-1.98022718015e-12
1.01,0.92887280251,0.0668862376641,9.56152948484e-06,9.56153766137e-06,-8.17653843938e-12
1.01,0.938890934967,0.0683025485305,6.52393819522e-06,6.52391851855e-06,1.96766732682e-11
1.01,0.948909067424,0.0697581638243,4.34643238068e-06,4.34643931155e-06,-6.9308738436e-12
1.01,0.958927199881,0.0712550473698,2.82276257924e-06,2.8227662984e-06,-3.71916364893e-12
1.01,0.968945332338,0.0727952930038,1.78381032168e-06,1.78380696229e-06,3.35938178317e-12
1.01,0.978963464795,0.074381135591,1.09471418042e-06,1.09472225104e-06,-8.07062663227e-12
1.01,0.988981597252,0.0760149631763,6.51026454968e-07,6.51034871343e-07,-8.41637545247e-12
1.01,0.998999729708,0.0776993304159,3.74303643635e-07,3.74315697686e-07,-1.2054050683e-11
1.01,1.00901786217,0.079436973443,2.07522193874e-07,2.07534496801e-07,-1.23029273401e-11
1.01,1.01903599462,0.0812308263549,1.10637471407e-07,1.10634967527e-07,2.5038799159e-12
1.01,1.02905412708,0.0830840395274,5.65457403123e-08,5.65427385163e-08,3.00179607733e-12
1.01,1.03907225954,0.085,2.76118017339e-08,2.7615099316e-08,-3.2975820425e-12
1.10888888889,-0.463647609001,-0.025,1.74244638863e-06,1.74244509492e-06,1.29371169628e-12
1.10888888889,-0.453629476544,-0.0243769666932,2.08332070406e-06,2.08331916335e-06,1.54070688296e-12
1.10888888889,-0.443611344087,-0.0237599900872,2.48107365848e-06,2.48107611795e-06,-2.45946917338e-12
1.10888888889,-0.43359321163,-0.0231488602184,2.9434961224e-06,2.94349921031e-06,-3.08791117057e-12
1.10888888889,-0.423575079173,-0.0225433734096,3.4791943012e-06,3.47918977619e-06,4.52500566348e-12
1.10888888889,-0.413556946716,-0.0219433319732,4.09764432878e-06,4.09765493103e-06,-1.06022443539e-11
1.10888888889,-0.403538814259,-0.0213485439287,4.80924701677e-06,4.80924330302e-06,3.71374626421e-12
1.10888888889,-0.393520681802,-0.0207588227338,5.62538226589e-06,5.62537866646e-06,3.59943201987e-12
1.10888888889,-0.383502549346,-0.0201739870282,6.55846387269e-06,6.55845983419e-06,4.03849901298e-12
1.10888888889,-0.373484416889,-0.0195938603902,7.62199327348e-06,7.62198613688e-06,7.13660504373e-12
1.10888888889,-0.363466284432,-0.0190182711034,8.83061247403e-06,8.83061503127e-06,-2.55724360145e-12
1.10888888889,-0.353448151975,-0.0184470519352,1.020015497e-05,1.02001560139e-05,-1.04388262323e-12
1.10888888889,-0.343430019518,-0.0178800399241,1.17476955494e-05,1.174769772e-05,-2.17059581572e-12
1.10888888889,-0.333411887061,-0.0173170761779,1.34915968009e-05,1.34916031876e-05,-6.38670281042e-12
1.10888888889,-0.323393754604,-0.0167580056787,1.54515534237e-05,1.54515469321e-05,6.49156953642e-12
1.10888888889,-0.313375622147,-0.0162026770985,1.7648632512e-05,1.76486389582e-05,-6.44615910401e-12
1.10888888889,-0.30335748969,-0.0156509426205,2.01053102385e-05,2.01053125936e-05,-2.35507186669e-12
1.10888888889,-0.293339357233,-0.0151026577694,2.28455036837e-05,2.28454989094e-05,4.77424798981e-12
1.10888888889,-0.283321224776,-0.0145576812471,2.58945977233e-05,2.58946016026e-05,-3.87938860452e-12
1.10888888889,-0.273303092319,-0.0140158747764,2.92794660517e-05,2.92794599424e-05,6.10926737869e-12
1.10888888889,-0.263284959863,-0.0134771029497,3.30284858428e-05,3.30284867139e-05,-8.71037095262e-13
1.10888888889,-0.253266827406,-0.0129412330837,3.71715453746e-05,3.71715543982e-05,-9.02362260841e-12
1.10888888889,-0.243248694949,-0.0124081350797,4.17400439849e-05,4.17400541636e-05,-1.01786570166e-11
1.10888888889,-0.233230562492,-0.0118776812888,4.67668837055e-05,4.67668911454e-05,-7.43996600168e-12
1.10888888889,-0.223212430035,-0.0113497463819,5.22864519018e-05,5.2286459112e-05,-7.21020229063e-12
1.10888888889,-0.213194297578,-0.0108242072238,5.83345939021e-05,5.833459564e-05,-1.73795543522e-12
1.10888888889,-0.203176165121,-0.0103009427524,6.49485758805e-05,6.49485839336e-05,-8.05311626574e-12
1.10888888889,-0.193158032664,-0.00977983386053,7.21670357663e-05,7.21670449995e-05,-9.2331378952e-12
1.10888888889,-0.183139900207,-0.00926076328247,8.0029923026e-05,8.0029925371e-05,-2.34500061784e-12
1.10888888889,-0.17312176775,-0.00874361548341,8.85784255997e-05,8.85784322635e-05,-6.66378776703e-12
1.10888888889,-0.163103635293,-0.00822827655213,9.785488364e-05,9.78548855601e-05,-1.92007225549e-12
1.10888888889,-0.153085502837,-0.00771463409674,0.000107902689361,0.000107902695563,-6.20232959772e-12
1.10888888889,-0.14306737038,-0.00720257714313,0.000118766172291,0.000118766179304,-7.01320178689e-12
1.10888888889,-0.133049237923,-0.00669199603594,0.000130490469158,0.000130490474699,-5.54031218689e-12
1.10888888889,-0.123031105466,-0.00618278234193,0.000143121377971,0.000143121387964,-9.99340025879e-12
1.10888888889,-0.113012973009,-0.00567482875553,0.00015670519548,0.000156705209205,-1.37245153122e-11
1.10888888889,-0.102994840552,-0.00516802900634,0.000171288537546,0.000171288541707,-4.16074640019e-12
1.10888888889,-0.092976708095,-0.00466227776851,0.000186918141711,0.000186918151381,-9.67027678636e-12
1.10888888889,-0.0829585756381,-0.00415747057172,0.000203640651696,0.000203640664142,-1.24463056235e-11
1.10888888889,-0.0729404431812,-0.00365350371365,0.00022150238337,0.000221502394174,-1.0804348952e-11
1.10888888889,-0.0629223107243,-0.00315027417389,0.000240549071304,0.000240549076166,-4.86159712747e-12
1.10888888889,-0.0529041782674,-0.00264767952885,0.000260825596405,0.000260825599936,-3.53076216267e-12
1.10888888889,-0.0428860458105,-0.00214561786788,0.000282375693852,0.000282375702604,-8.75176770247e-12
1.10888888889,-0.0328679133536,-0.00164398771014,0.000305241641108,0.000305241653143,-1.20353450513e-11
1.10888888889,-0.0228497808966,-0.0011426879223,0.000329463926759,0.000329463931613,-4.85372132026e-12
1.10888888889,-0.0128316484397,-0.000641617636745,0.000355080898948,0.0003550809041,-5.15151305945e-12
1.10888888889,-0.00281351598282,-0.000140676170333,0.000382128395198,0.000382128415371,-2.01729927793e-11
1.10888888889,0.00720461647409,0.000360237056607,0.000410639352793,0.000410639359737,-6.94411607209e-12
1.10888888889,0.017222748931,0.000861222601068,0.000440643400555,0.000440643410428,-9.87343572786e-12
1.10888888889,0.0272408813879,0.00136238107812,0.000472166433402,0.000472166445608,-1.22062731017e-11
1.10888888889,0.0372590138448,0.00186381324178,0.000505230169478,0.000505230183591,-1.4112809337e-11
1.10888888889,0.0472771463017,0.00236562006609,0.000539851692076,0.000539851695824,-3.74785391524e-12
1.10888888889,0.0572952787587,0.00286790282662,0.00057604297696,0.000576042991248,-1.42883930599e-11
1.10888888889,0.0673134112156,0.00337076318243,0.000613810407254,0.000613810416385,-9.13029862219e-12
1.10888888889,0.0773315436725,0.0038743032587,0.000653154277434,0.000653154289314,-1.18800207302e-11
1.10888888889,0.0873496761294,0.00437862573024,0.000694068288871,0.000694068300142,-1.12709419705e-11
1.10888888889,0.0973678085863,0.00488383390582,0.000736539039364,0.000736539048373,-9.00959840587e-12
1.10888888889,0.107385941043,0.0053900318137,0.00078054550965,0.000780545513122,-3.47159107017e-12
1.10888888889,0.1174040735,0.00589732428833,0.000826058549857,0.000826058567704,-1.78466063542e-11
1.10888888889,0.127422205957,0.00640581705854,0.000873040369937,0.000873040382104,-1.21671087918e-11
1.10888888889,0.137440338414,0.00691561683719,0.000921444037716,0.000921444055779,-1.8063068619e-11
1.10888888889,0.147458470871,0.00742683141263,0.000971212989133,0.000971213003717,-1.45835841233e-11
1.10888888889,0.157476603328,0.00793956974201,0.00102228055571,0.00102228057467,-1.89617759428e-11
1.10888888889,0.167494735785,0.0084539420467,0.00107456951427,0.00107456953151,-1.72443092791e-11
1.10888888889,0.177512868242,0.0089700599099,0.0011279916649,0.0011279916831,-1.8199449326e-11
1.10888888889,0.187531000699,0.0094880363768,0.00118244744323,0.001182447463,-1.97718959261e-11
1.10888888889,0.197549133155,0.0100079860572,0.00123782557386,0.00123782558909,-1.5232410602e-11
1.10888888889,0.207567265612,0.0105300252314,0.001294002772,0.00129400277936,-7.35529909549e-12
1.10888888889,0.217585398069,0.0110542719582,0.00135084350102,0.00135084351046,-9.44276232727e-12
1.10888888889,0.227603530526,0.0115808461875,0.00140819979357,0.00140819980304,-9.46927822612e-12
1.10888888889,0.237621662983,0.0121098698755,0.0014659111453,0.00146591115261,-7.30761414922e-12
1.10888888889,0.24763979544,0.0126414671037,0.00152380448932,0.00152380450863,-1.93125298739e-11
1.10888888889,0.257657927897,0.0131757642024,0.00158169426087,0.00158169427162,-1.07540749309e-11
1.10888888889,0.267676060354,0.0137128898779,0.00163938256127,0.00163938256875,-7.4769973199e-12
1.10888888889,0.277694192811,0.0142529753449,0.00169665943076,0.00169665943838,-7.61383252453e-12
1.10888888889,0.287712325268,0.0147961544633,0.00175330323971,0.00175330325306,-1.33464508976e-11
1.10888888889,0.297730457725,0.0153425638804,0.00180908120776,0.00180908121964,-1.18803794927e-11
1.10888888889,0.307748590181,0.0158923431784,0.00186375005974,0.00186375006363,-3.88919669039e-12
1.10888888889,0.317766722638,0.0164456350284,0.00191705682815,0.00191705683162,-3.46303628135e-12
1.10888888889,0.327784855095,0.0170025853497,0.00196873980996,0.00196873982372,-1.37579214514e-11
1.10888888889,0.337802987552,0.0175633434769,0.0020185296856,0.00201852969902,-1.34203260484e-11
1.10888888889,0.347821120009,0.0181280623329,0.00206615080728,0.00206615081188,-4.60576759023e-12
1.10888888889,0.357839252466,0.0186968986103,0.00211132266176,0.00211132266656,-4.79295683004e-12
1.10888888889,0.367857384923,0.0192700129608,0.00215376151262,0.00215376151669,-4.07439793709e-12
1.10888888889,0.37787551738,0.0198475701924,0.00219318222308,0.0021931822164,6.67467123239e-12
1.10888888889,0.387893649837,0.0204297394763,0.00222930026172,0.00222930026311,-1.39297991544e-12
1.10888888889,0.397911782294,0.0210166945635,0.00226183388708,0.0022618338766,1.04801237133e-11
1.10888888889,0.407929914751,0.0216086140109,0.00229050650835,0.00229050650081,7.54107019885e-12
1.10888888889,0.417948047208,0.0222056814195,0.00231504921299,0.00231504920291,1.00844415284e-11
1.10888888889,0.427966179664,0.022808085683,0.00233520345078,0.00233520344217,8.61259241008e-12
1.10888888889,0.437984312121,0.0234160212496,0.00235072385934,0.00235072384175,1.75892547055e-11
1.10888888889,0.448002444578,0.0240296883965,0.0023613812114,0.00236138120099,1.04165972722e-11
1.10888888889,0.458020577035,0.0246492935189,0.00236696546099,0.00236696545244,8.55624685686e-12
1.10888888889,0.468038709492,0.0252750494334,0.00236728885942,0.0023672888483,1.11185977959e-11
1.10888888889,0.478056841949,0.0259071756975,0.00236218910796,0.00236218909357,1.43905026784e-11
1.10888888889,0.488074974406,0.0265458989466,0.0023515325088,0.00235153249756,1.12426335602e-11
1.10888888889,0.498093106863,0.0271914532482,0.00233521707031,0.00233521706189,8.41227348197e-12
1.10888888889,0.50811123932,0.0278440804762,0.00231317551714,0.0023131754937,2.3439347685e-11
1.10888888889,0.518129371777,0.0285040307055,0.00228537815219,0.00228537812996,2.22305125697e-11
1.10888888889,0.528147504234,0.0291715626291,0.00225183551019,0.00225183549234,1.78588680302e-11
1.10888888889,0.53816563669,0.0298469439978,0.00221260074117,0.00221260070763,3.35366357081e-11
1.10888888889,0.548183769147,0.0305304520865,0.00216777165628,0.00216777163698,1.92983649894e-11
1.10888888889,0.558201901604,0.0312223741863,0.0021174923677,0.00211749233325,3.44439238416e-11
1.10888888889,0.568220034061,0.0319230081263,0.00206195445124,0.0020619544196,3.1644965294e-11
1.10888888889,0.578238166518,0.0326326628259,0.00200139756244,0.00200139752895,3.3481078153e-11
1.10888888889,0.588256298975,0.0333516588807,0.00193610943638,0.00193610940653,2.9855434314e-11
1.10888888889,0.598274431432,0.0340803291834,0.00186642520779,0.00186642517687,3.09233936201e-11
1.10888888889,0.608292563889,0.034819019584,0.00179272599224,0.00179272597162,2.06172615872e-11
1.10888888889,0.618310696346,0.0355680895896,0.00171543667878,0.00171543666359,1.51961835042e-11
1.10888888889,0.628328828803,0.0363279131098,0.00163502289596,0.00163502288356,1.24052955408e-11
1.10888888889,0.63834696126,0.0370988792486,0.00155198712687,0.00155198711208,1.47885007191e-11
1.10888888889,0.648365093716,0.0378813931477,0.00146686396769,0.00146686394975,1.79379055013e-11
1.10888888889,0.658383226173,0.038675876885,0.00138021454137,0.00138021451439,2.69857036023e-11
1.10888888889,0.66840135863,0.0394827704322,0.00129262010505,0.00129262010392,1.1263717823e-12
1.10888888889,0.678419491087,0.0403025326764,0.00120467491198,0.00120467488411,2.78676975159e-11
1.10888888889,0.688437623544,0.0411356425112,0.00111697841788,0.00111697839747,2.04157133907e-11
1.10888888889,0.698455756001,0.041982600002,0.00103012694951,0.00103012695313,-3.62088267356e-12
1.10888888889,0.708473888458,0.0428439276322,0.000944704982367,0.000944704973815,8.55189595354e-12
1.10888888889,0.718492020915,0.0437201716373,0.000861276203065,0.000861276207942,-4.87680859237e-12
1.10888888889,0.728510153372,0.0446119034331,0.000780374556433,0.000780374559341,-2.90807980995e-12
1.10888888889,0.738528285829,0.0455197211468,0.000702495503088,0.000702495509335,-6.24685958343e-12
1.10888888889,0.748546418286,0.0464442512598,0.000628087726065,0.000628087728355,-2.29014723852e-12
1.10888888889,0.758564550743,0.0473861503717,0.000557545539598,0.000557545536045,3.55285549244e-12
1.10888888889,0.768582683199,0.0483461070955,0.00049120225297,0.000491202261464,-8.49421769901e-12
1.10888888889,0.778600815656,0.049324844097,0.000429324733126,0.000429324736819,-3.6937558047e-12
1.10888888889,0.788618948113,0.0503231202898,0.000372109392813,0.000372109424006,-3.11931799835e-11
1.10888888889,0.79863708057,0.051341733201,0.000319679796731,0.00031967982559,-2.8858544894e-11
1.10888888889,0.808655213027,0.0523815215234,0.000272086033357,0.000272086062871,-2.95147406949e-11
1.10888888889,0.818673345484,0.053443367871,0.000229305946592,0.000229305963104,-1.6512335119e-11
1.10888888889,0.828691477941,0.0545282017572,0.000191248250778,0.000191248267291,-1.65129839056e-11
1.10888888889,0.838709610398,0.0556370028172,0.000157757480621,0.000157757489261,-8.64033410791e-12
1.10888888889,0.848727742855,0.0567708042987,0.000128620641915,0.000128620669967,-2.80523930907e-11
1.10888888889,0.858745875312,0.0579306968464,0.000103575355931,0.000103575380778,-2.48470146368e-11
1.10888888889,0.868764007769,0.0591178326101,8.23192021493e-05,8.23192008344e-05,1.31489437394e-12
1.10888888889,0.878782140225,0.0603334297102,6.45199092764e-05,6.45199284459e-05,-1.91694932497e-11
1.10888888889,0.888800272682,0.0615787770949,4.98259840331e-05,4.9826001758e-05,-1.77248506671e-11
1.10888888889,0.898818405139,0.062855239833,3.78773373777e-05,3.78773554032e-05,-1.80255417797e-11
1.10888888889,0.908836537596,0.0641642648861,2.83154662217e-05,2.83154745676e-05,-8.34582945287e-12
1.10888888889,0.918854670053,0.0655073874131,2.07927679241e-05,2.07927807089e-05,-1.27848369912e-11
1.10888888889,0.92887280251,0.0668862376641,1.49806167471e-05,1.49806244805e-05,-7.73341742207e-12
1.10888888889,0.938890934967,0.0683025485305,1.05758998781e-05,1.05758895553e-05,1.03227986055e-11
1.10888888889,0.948909067424,0.0697581638243,7.30582774833e-06,7.30582983653e-06,-2.08819767034e-12
1.10888888889,0.958927199881,0.0712550473698,4.93092136566e-06,4.9309234449e-06,-2.07923478782e-12
1.10888888889,0.968945332338,0.0727952930038,3.24621982073e-06,3.24622652601e-06,-6.70527565763e-12
1.10888888889,0.978963464795,0.074381135591,2.08084702247e-06,2.08085677534e-06,-9.75286995261e-12
1.10888888889,0.988981597252,0.0760149631763,1.29618080158e-06,1.29618115699e-06,-3.55410145758e-13
1.10888888889,0.998999729708,0.0776993304159,7.82938019972e-07,7.82950476686e-07,-1.24567144794e-11
1.10888888889,1.00901786217,0.079436973443,4.57521937003e-07,4.57534038248e-07,-1.2101245353e-11
1.10888888889,1.01903599462,0.0812308263549,2.57994042796e-07,2.57996706491e-07,-2.66369521926e-12
1.10888888889,1.02905412708,0.0830840395274,1.39992045733e-07,1.39990514629e-07,1.53110401961e-12
1.10888888889,1.03907225954,0.085,7.28714311116e-08,7.28667135575e-08,4.71755403839e-12
1.20777777778,-0.463647609001,-0.025,3.01401207318e-06,3.01401023678e-06,1.83640586461e-12
1.20777777778,-0.453629476544,-0.0243769666932,3.5513078408e-06,3.55130997894e-06,-2.13813768597e-12
1.20777777778,-0.443611344087,-0.0237599900872,4.16925786477e-06,4.16925921714e-06,-1.3523655911e-12
1.20777777778,-0.43359321163,-0.0231488602184,4.87759082161e-06,4.87757803049e-06,1.27911233216e-11
1.20777777778,-0.423575079173,-0.0225433734096,5.68689333224e-06,5.68689116002e-06,2.17222095515e-12
1.20777777778,-0.413556946716,-0.0219433319732,6.60865174721e-06,6.60865194261e-06,-1.95392309205e-13
1.20777777778,-0.403538814259,-0.0213485439287,7.65529183393e-06,7.65529461234e-06,-2.77841559133e-12
1.20777777778,-0.393520681802,-0.0207588227338,8.84021752922e-06,8.84020555941e-06,1.19698157127e-11
1.20777777778,-0.383502549346,-0.0201739870282,1.01778477268e-05,1.01778359802e-05,1.17465974962e-11
1.20777777778,-0.373484416889,-0.0195938603902,1.16836511417e-05,1.16836538836e-05,-2.74189439193e-12
1.20777777778,-0.363466284432,-0.0190182711034,1.33741780184e-05,1.33741852905e-05,-7.27213687726e-12
1.20777777778,-0.353448151975,-0.0184470519352,1.52670896251e-05,1.52671001993e-05,-1.05741802745e-11
1.20777777778,-0.343430019518,-0.0178800399241,1.73811842982e-05,1.7381193325e-05,-9.02676627632e-12
1.20777777778,-0.333411887061,-0.0173170761779,1.9736419661e-05,1.97364268403e-05,-7.17935669817e-12
1.20777777778,-0.323393754604,-0.0167580056787,2.23539309795e-05,2.23539348702e-05,-3.8907470995e-12
1.20777777778,-0.313375622147,-0.0162026770985,2.52560451871e-05,2.52560463546e-05,-1.16753002123e-12
1.20777777778,-0.30335748969,-0.0156509426205,2.84662896705e-05,2.84662847e-05,4.97049598271e-12
1.20777777778,-0.293339357233,-0.0151026577694,3.20093965607e-05,3.20094076108e-05,-1.10500876637e-11
1.20777777778,-0.283321224776,-0.0145576812471,3.59113005646e-05,3.59113072117e-05,-6.64707024367e-12
1.20777777778,-0.273303092319,-0.0140158747764,4.01991312763e-05,4.01991217002e-05,9.57613156117e-12
1.20777777778,-0.263284959863,-0.0134771029497,4.49011990336e-05,4.4901197992e-05,1.04159580537e-12
1.20777777778,-0.253266827406,-0.0129412330837,5.00469732608e-05,5.0046965673e-05,7.58771598477e-12
1.20777777778,-0.243248694949,-0.0124081350797,5.56670544001e-05,5.56670430256e-05,1.13744572775e-11
1.20777777778,-0.233230562492,-0.0118776812888,6.17931373312e-05,6.17931362329e-05,1.09827603826e-12
1.20777777778,-0.223212430035,-0.0113497463819,6.84579669899e-05,6.845796792e-05,-9.30089731903e-13
1.20777777778,-0.213194297578,-0.0108242072238,7.56952853311e-05,7.56952887121e-05,-3.38095717601e-12
1.20777777778,-0.203176165121,-0.0103009427524,8.35397691372e-05,8.35397804736e-05,-1.13364756899e-11
1.20777777778,-0.193158032664,-0.00977983386053,9.20269588154e-05,9.20269737321e-05,-1.49166488894e-11
1.20777777778,-0.183139900207,-0.00926076328247,0.00010119317664,0.00010119317961,-2.97019421319e-12
1.20777777778,-0.17312176775,-0.00874361548341,0.000111075435497,0.000111075439185,-3.68897649244e-12
1.20777777778,-0.163103635293,-0.00822827655213,0.000121711336687,0.000121711343429,-6.7421506068e-12
1.20777777778,-0.153085502837,-0.00771463409674,0.000133138956463,0.00013313895075,5.71355262364e-12
1.20777777778,-0.14306737038,-0.00720257714313,0.000145396721814,0.000145396743408,-2.15943718798e-11
1.20777777778,-0.133049237923,-0.00669199603594,0.000158523273908,0.000158523290486,-1.65788479408e-11
1.20777777778,-0.123031105466,-0.00618278234193,0.000172557320058,0.000172557323865,-3.80652004058e-12
1.20777777778,-0.113012973009,-0.00567482875553,0.000187537472906,0.000187537479573,-6.66720866883e-12
1.20777777778,-0.102994840552,-0.00516802900634,0.000203502077433,0.000203502082854,-5.42038655171e-12
1.20777777778,-0.092976708095,-0.00466227776851,0.000220489024877,0.000220489022385,2.49145165219e-12
1.20777777778,-0.0829585756381,-0.00415747057172,0.000238535553727,0.000238535566842,-1.31150322536e-11
1.20777777778,-0.0729404431812,-0.00365350371365,0.000257678037701,0.00025767804632,-8.61919379185e-12
1.20777777778,-0.0629223107243,-0.00315027417389,0.000277951760291,0.000277951758913,1.37736046527e-12
1.20777777778,-0.0529041782674,-0.00264767952885,0.000299390676155,0.000299390696305,-2.01503532284e-11
1.20777777778,-0.0428860458105,-0.00214561786788,0.000322027159173,0.000322027162313,-3.13997173531e-12
1.20777777778,-0.0328679133536,-0.00164398771014,0.000345891737513,0.000345891749825,-1.23121013168e-11
1.20777777778,-0.0228497808966,-0.0011426879223,0.00037101281547,0.000371012824554,-9.08359948674e-12
1.20777777778,-0.0128316484397,-0.000641617636745,0.000397416382949,0.000397416393049,-1.01001998648e-11
1.20777777778,-0.00281351598282,-0.000140676170333,0.000425125712079,0.00042512571615,-4.07092946592e-12
1.20777777778,0.00720461647409,0.000360237056607,0.000454161042547,0.00045416105259,-1.00426784401e-11
1.20777777778,0.017222748931,0.000861222601068,0.000484539255244,0.000484539267637,-1.23922787722e-11
1.20777777778,0.0272408813879,0.00136238107812,0.000516273535264,0.000516273543765,-8.50080466089e-12
1.20777777778,0.0372590138448,0.00186381324178,0.000549373025851,0.000549373034633,-8.78187897835e-12
1.20777777778,0.0472771463017,0.00236562006609,0.000583842472692,0.000583842483427,-1.0734845738e-11
1.20777777778,0.0572952787587,0.00286790282662,0.000619681861306,0.000619681873838,-1.25312906753e-11
1.20777777778,0.0673134112156,0.00337076318243,0.000656886048229,0.000656886055788,-7.55859524276e-12
1.20777777778,0.0773315436725,0.0038743032587,0.000695444387264,0.000695444388559,-1.29451289098e-12
1.20777777778,0.0873496761294,0.00437862573024,0.000735340353101,0.000735340377131,-2.40307252179e-11
1.20777777778,0.0973678085863,0.00488383390582,0.000776551163893,0.000776551184848,-2.09551787814e-11
1.20777777778,0.107385941043,0.0053900318137,0.000819047405206,0.000819047415603,-1.03965163301e-11
1.20777777778,0.1174040735,0.00589732428833,0.000862792657553,0.000862792667836,-1.02826254456e-11
1.20777777778,0.127422205957,0.00640581705854,0.000907743130628,0.000907743135722,-5.09447789943e-12
1.20777777778,0.137440338414,0.00691561683719,0.000953847306491,0.000953847317374,-1.08826876547e-11
1.20777777778,0.147458470871,0.00742683141263,0.00100104559596,0.00100104561438,-1.8414181421e-11
1.20777777778,0.157476603328,0.00793956974201,0.00104927001085,0.00104927002073,-9.87990678852e-12
1.20777777778,0.167494735785,0.0084539420467,0.00109844385632,0.00109844386151,-5.19295023649e-12
1.20777777778,0.177512868242,0.0089700599099,0.00114848144769,0.0011484814609,-1.32142838338e-11
1.20777777778,0.187531000699,0.0094880363768,0.00119928785566,0.00119928786782,-1.21672381372e-11
1.20777777778,0.197549133155,0.0100079860572,0.00125075868526,0.00125075869757,-1.23113596141e-11
1.20777777778,0.207567265612,0.0105300252314,0.00130277989315,0.00130277990889,-1.57451159315e-11
1.20777777778,0.217585398069,0.0110542719582,0.0013552276493,0.00135522766247,-1.31673400482e-11
1.20777777778,0.227603530526,0.0115808461875,0.00140796824793,0.00140796825949,-1.15624458792e-11
1.20777777778,0.237621662983,0.0121098698755,0.00146085807422,0.00146085807952,-5.30061801743e-12
1.20777777778,0.24763979544,0.0126414671037,0.00151374363324,0.00151374363573,-2.4947669798e-12
1.20777777778,0.257657927897,0.0131757642024,0.00156646164661,0.00156646166128,-1.46640820146e-11
1.20777777778,0.267676060354,0.0137128898779,0.00161883922455,0.00161883922984,-5.29370644542e-12
1.20777777778,0.277694192811,0.0142529753449,0.0016706941193,0.00167069413797,-1.86719962408e-11
1.20777777778,0.287712325268,0.0147961544633,0.00172183506711,0.00172183507958,-1.24700182905e-11
1.20777777778,0.297730457725,0.0153425638804,0.00177206222546,0.00177206222672,-1.25532483713e-12
1.20777777778,0.307748590181,0.0158923431784,0.0018211677123,0.00182116772396,-1.16589405231e-11
1.20777777778,0.317766722638,0.0164456350284,0.00186893625355,0.0018689362627,-9.14764574853e-12
1.20777777778,0.327784855095,0.0170025853497,0.00191514594562,0.00191514594726,-1.63192246175e-12
1.20777777778,0.337802987552,0.0175633434769,0.00195956913825,0.00195956914585,-7.60029539304e-12
1.20777777778,0.347821120009,0.0181280623329,0.0020019734428,0.00200197345012,-7.31645299901e-12
1.20777777778,0.357839252466,0.0186968986103,0.00204212287113,0.00204212287424,-3.10129049177e-12
1.20777777778,0.367857384923,0.0192700129608,0.002079779108,0.0020797791133,-5.30200102572e-12
1.20777777778,0.37787551738,0.0198475701924,0.00211470291932,0.00211470292162,-2.29641045763e-12
1.20777777778,0.387893649837,0.0204297394763,0.0021466556982,0.00214665570885,-1.06477990487e-11
1.20777777778,0.397911782294,0.0210166945635,0.00217540114733,0.00217540114712,2.11735143307e-13
1.20777777778,0.407929914751,0.0216086140109,0.00220070709614,0.00220070708317,1.29733827847e-11
1.20777777778,0.417948047208,0.0222056814195,0.00222234744796,0.00222234743966,8.30200838631e-12
1.20777777778,0.427966179664,0.022808085683,0.00224010425116,0.00224010424462,6.53514525481e-12
1.20777777778,0.437984312121,0.0234160212496,0.00225376988414,0.0022537698784,5.74160640907e-12
1.20777777778,0.448002444578,0.0240296883965,0.00226314934302,0.0022631493455,-2.48588779769e-12
1.20777777778,0.458020577035,0.0246492935189,0.00226806261629,0.00226806260567,1.0624446635e-11
1.20777777778,0.468038709492,0.0252750494334,0.00226834712765,0.00226834711559,1.20641712766e-11
1.20777777778,0.478056841949,0.0259071756975,0.00226386022548,0.00226386021352,1.19570039633e-11
1.20777777778,0.488074974406,0.0265458989466,0.00225448169262,0.00225448168645,6.16480304305e-12
1.20777777778,0.498093106863,0.0271914532482,0.0022401162463,0.00224011623854,7.76309181869e-12
1.20777777778,0.50811123932,0.0278440804762,0.00222069599499,0.00222069597698,1.80155590966e-11
1.20777777778,0.518129371777,0.0285040307055,0.00219618281347,0.00219618279211,2.13571612652e-11
1.20777777778,0.528147504234,0.0291715626291,0.00216657059519,0.00216657058977,5.41311743693e-12
1.20777777778,0.53816563669,0.0298469439978,0.00213188733552,0.00213188731098,2.45350319922e-11
1.20777777778,0.548183769147,0.0305304520865,0.00209219699739,0.00209219698769,9.69277652932e-12
1.20777777778,0.558201901604,0.0312223741863,0.00204760110815,0.00204760107286,3.52844919081e-11
1.20777777778,0.568220034061,0.0319230081263,0.00199824003226,0.00199824000963,2.26273444426e-11
1.20777777778,0.578238166518,0.0326326628259,0.00194429386549,0.00194429384418,2.13121809697e-11
1.20777777778,0.588256298975,0.0333516588807,0.00188598289517,0.00188598286617,2.90021205836e-11
1.20777777778,0.598274431432,0.0340803291834,0.00182356757052,0.00182356754637,2.41501311136e-11
1.20777777778,0.608292563889,0.034819019584,0.00175734793224,0.00175734792668,5.55999712416e-12
1.20777777778,0.618310696346,0.0355680895896,0.00168766245232,0.00168766244088,1.14440297516e-11
1.20777777778,0.628328828803,0.0363279131098,0.00161488624213,0.00161488623286,9.2687929814e-12
1.20777777778,0.63834696126,0.0370988792486,0.00153942859571,0.00153942858213,1.35789949163e-11
1.20777777778,0.648365093716,0.0378813931477,0.00146172984401,0.00146172982134,2.26619797147e-11
1.20777777778,0.658383226173,0.038675876885,0.00138225750953,0.00138225748156,2.7966121606e-11
1.20777777778,0.66840135863,0.0394827704322,0.00130150176796,0.00130150176467,3.28477132647e-12
1.20777777778,0.678419491087,0.0403025326764,0.00121997023497,0.00121997021432,2.06559450534e-11
1.20777777778,0.688437623544,0.0411356425112,0.00113818212556,0.00113818210854,1.70213543781e-11
1.20777777778,0.698455756001,0.041982600002,0.00105666184386,0.00105666185495,-1.10951879195e-11
1.20777777778,0.708473888458,0.0428439276322,0.000975932093888,0.000975932065886,2.80020511986e-11
1.20777777778,0.718492020915,0.0437201716373,0.00089650661908,0.000896506620769,-1.68871123682e-12
1.20777777778,0.728510153372,0.0446119034331,0.000818882705464,0.000818882693534,1.19304045809e-11
1.20777777778,0.738528285829,0.0455197211468,0.000743533603714,0.000743533603118,5.96017376078e-13
1.20777777778,0.748546418286,0.0464442512598,0.000670901049021,0.000670901059792,-1.07701788026e-11
1.20777777778,0.758564550743,0.0473861503717,0.000601388070176,0.000601388066588,3.58825599442e-12
1.20777777778,0.768582683199,0.0483461070955,0.000535352296591,0.000535352311861,-1.52699231298e-11
1.20777777778,0.778600815656,0.049324844097,0.000473099974127,0.000473099992341,-1.82141146783e-11
1.20777777778,0.788618948113,0.0503231202898,0.000414880902064,0.00041488092894,-2.68766077102e-11
1.20777777778,0.79863708057,0.051341733201,0.000360884489653,0.000360884503741,-1.40884174986e-11
1.20777777778,0.808655213027,0.0523815215234,0.000311237113373,0.000311237142748,-2.93747307294e-11
1.20777777778,0.818673345484,0.053443367871,0.000266000923857,0.000266000949918,-2.60609723905e-11
1.20777777778,0.828691477941,0.0545282017572,0.000225174209348,0.000225174225512,-1.61638170296e-11
1.20777777778,0.838709610398,0.0556370028172,0.000188693372177,0.000188693382506,-1.03287281072e-11
1.20777777778,0.848727742855,0.0567708042987,0.000156436513188,0.00015643652614,-1.29518084625e-11
1.20777777778,0.858745875312,0.0579306968464,0.000128228553053,0.000128228572247,-1.91933365902e-11
1.20777777778,0.868764007769,0.0591178326101,0.000103847750815,0.000103847743899,6.91617661579e-12
1.20777777778,0.878782140225,0.0603334297102,8.30334064006e-05,8.30334322382e-05,-2.5837647126e-11
1.20777777778,0.888800272682,0.0615787770949,6.54944742884e-05,6.54944801679e-05,-5.87948136357e-12
1.20777777778,0.898818405139,0.062855239833,5.09187586539e-05,5.09187762578e-05,-1.76038374416e-11
1.20777777778,0.908836537596,0.0641642648861,3.89823190394e-05,3.89823356928e-05,-1.66534169267e-11
1.20777777778,0.918854670053,0.0655073874131,2.93587032463e-05,2.9358702213e-05,1.03326245129e-12
1.20777777778,0.92887280251,0.0668862376641,2.17276159564e-05,2.17276353158e-05,-1.93593437722e-11
1.20777777778,0.938890934967,0.0683025485305,1.57826705871e-05,1.5782655305e-05,1.52820813729e-11
1.20777777778,0.948909067424,0.0697581638243,1.12379193451e-05,1.12379337668e-05,-1.44217196778e-11
1.20777777778,0.958927199881,0.0712550473698,7.83293124806e-06,7.83293756986e-06,-6.32179096398e-12
1.20777777778,0.968945332338,0.0727952930038,5.33628322086e-06,5.3362978593e-06,-1.46384467048e-11
1.20777777778,0.978963464795,0.074381135591,3.54743609488e-06,3.54744606207e-06,-9.96719742331e-12
1.20777777778,0.988981597252,0.0760149631763,2.29705712784e-06,2.29706361416e-06,-6.48631474053e-12
1.20777777778,0.998999729708,0.0776993304159,1.44597070428e-06,1.44597514676e-06,-4.44247264843e-12
1.20777777778,1.00901786217,0.079436973443,8.82972583938e-07,8.82985222168e-07,-1.26382305229e-11
1.20777777778,1.01903599462,0.0812308263549,5.21814397247e-07,5.21812562892e-07,1.83435580094e-12
1.20777777778,1.02905412708,0.0830840395274,2.97679381145e-07,2.97680972603e-07,-1.59145786827e-12
1.20777777778,1.03907225954,0.085,1.63462576808e-07,1.63455897453e-07,6.67935433525e-12
1.30666666667,-0.463647609001,-0.025,4.78367720141e-06,4.78367328572e-06,3.91568444996e-12
1.30666666667,-0.453629476544,-0.0243769666932,5.56690093345e-06,5.56689645422e-06,4.47923475417e-12
1.30666666667,-0.443611344087,-0.0237599900872,6.45670960111e-06,6.45671020415e-06,-6.03035865668e-13
1.30666666667,-0.43359321163,-0.0231488602184,7.46449623548e-06,7.4644992537e-06,-3.01822641333e-12
1.30666666667,-0.423575079173,-0.0225433734096,8.60249917307e-06,8.60249181597e-06,7.35710872886e-12
1.30666666667,-0.413556946716,-0.0219433319732,9.88382868924e-06,9.88383470534e-06,-6.01609770166e-12
1.30666666667,-0.403538814259,-0.0213485439287,1.13224912228e-05,1.1322499716e-05,-8.49317151676e-12
1.30666666667,-0.393520681802,-0.0207588227338,1.29334111777e-05,1.29334203483e-05,-9.17062365005e-12
1.30666666667,-0.383502549346,-0.0201739870282,1.4732450207e-05,1.47324617534e-05,-1.15463940001e-11
1.30666666667,-0.373484416889,-0.0195938603902,1.67364233017e-05,1.67364263806e-05,-3.07898050114e-12
1.30666666667,-0.363466284432,-0.0190182711034,1.89631118408e-05,1.89631219275e-05,-1.00867268368e-11
1.30666666667,-0.353448151975,-0.0184470519352,2.14312729851e-05,2.14312777349e-05,-4.74978708098e-12
1.30666666667,-0.343430019518,-0.0178800399241,2.41606452608e-05,2.41606358598e-05,9.40103538026e-12
1.30666666667,-0.333411887061,-0.0173170761779,2.71719506097e-05,2.71719430634e-05,7.54624639347e-12
1.30666666667,-0.323393754604,-0.0167580056787,3.04868913903e-05,3.04868928342e-05,-1.44393556763e-12
1.30666666667,-0.313375622147,-0.0162026770985,3.41281434531e-05,3.41281457589e-05,-2.3058097654e-12
1.30666666667,-0.30335748969,-0.0156509426205,3.81193439002e-05,3.81193481343e-05,-4.23404388129e-12
1.30666666667,-0.293339357233,-0.0151026577694,4.24850746003e-05,4.24850869863e-05,-1.23859922969e-11
1.30666666667,-0.283321224776,-0.0145576812471,4.72508392279e-05,4.72508349322e-05,4.29573245736e-12
1.30666666667,-0.273303092319,-0.0140158747764,5.24430356145e-05,5.24430368575e-05,-1.24290398665e-12
1.30666666667,-0.263284959863,-0.0134771029497,5.80889218774e-05,5.80889250449e-05,-3.1674881156e-12
1.30666666667,-0.253266827406,-0.0129412330837,6.42165766797e-05,6.42165739561e-05,2.72357493275e-12
1.30666666667,-0.243248694949,-0.0124081350797,7.08548527674e-05,7.08548499877e-05,2.77970414698e-12
1.30666666667,-0.233230562492,-0.0118776812888,7.80333243183e-05,7.80333169026e-05,7.41563245272e-12
1.30666666667,-0.223212430035,-0.0113497463819,8.57822273588e-05,8.57822362799e-05,-8.92110086433e-12
1.30666666667,-0.213194297578,-0.0108242072238,9.41323927763e-05,9.41323860516e-05,6.72463633714e-12
1.30666666667,-0.203176165121,-0.0103009427524,0.000103115172748,0.000103115182282,-9.5336017184e-12
1.30666666667,-0.193158032664,-0.00977983386053,0.000112762358725,0.000112762361286,-2.56109716767e-12
1.30666666667,-0.183139900207,-0.00926076328247,0.00012310609262,0.000123106089469,3.15138513158e-12
1.30666666667,-0.17312176775,-0.00874361548341,0.000134178769365,0.000134178781647,-1.22824973391e-11
1.30666666667,-0.163103635293,-0.00822827655213,0.000146012931556,0.000146012932629,-1.07308511577e-12
1.30666666667,-0.153085502837,-0.00771463409674,0.000158641155804,0.000158641158856,-3.05140331405e-12
1.30666666667,-0.14306737038,-0.00720257714313,0.00017209593078,0.000172095932443,-1.66331071095e-12
1.30666666667,-0.133049237923,-0.00669199603594,0.000186409525962,0.0001864095336,-7.63851484777e-12
1.30666666667,-0.123031105466,-0.00618278234193,0.000201613852426,0.000201613857579,-5.15278737647e-12
1.30666666667,-0.113012973009,-0.00567482875553,0.000217740314121,0.000217740318732,-4.61124858458e-12
1.30666666667,-0.102994840552,-0.00516802900634,0.000234819650296,0.000234819653584,-3.28885619368e-12
1.30666666667,-0.092976708095,-0.00466227776851,0.000252881769099,0.000252881773997,-4.89742111882e-12
1.30666666667,-0.0829585756381,-0.00415747057172,0.000271955571905,0.00027195558235,-1.04443481316e-11
1.30666666667,-0.0729404431812,-0.00365350371365,0.000292068768112,0.000292068773053,-4.94098522947e-12
1.30666666667,-0.0629223107243,-0.00315027417389,0.000313247681934,0.000313247680302,1.63167331209e-12
1.30666666667,-0.0529041782674,-0.00264767952885,0.000335517048985,0.000335517051919,-2.93349302098e-12
1.30666666667,-0.0428860458105,-0.00214561786788,0.000358899804999,0.000358899815244,-1.02452970695e-11
1.30666666667,-0.0328679133536,-0.00164398771014,0.000383416865156,0.000383416872638,-7.48173940336e-12
1.30666666667,-0.0228497808966,-0.0011426879223,0.000409086895494,0.000409086896833,-1.33959407152e-12
1.30666666667,-0.0128316484397,-0.000641617636745,0.000435926075714,0.000435926074234,1.48086534354e-12
1.30666666667,-0.00281351598282,-0.000140676170333,0.000463947854644,0.00046394787118,-1.65363261821e-11
1.30666666667,0.00720461647409,0.000360237056607,0.00049316269814,0.000493162709825,-1.16853596027e-11
1.30666666667,0.017222748931,0.000861222601068,0.000523577830102,0.000523577842581,-1.2478974451e-11
1.30666666667,0.0272408813879,0.00136238107812,0.000555196967619,0.000555196983669,-1.60504933996e-11
1.30666666667,0.0372590138448,0.00186381324178,0.000588020050481,0.000588020068007,-1.75259209272e-11
1.30666666667,0.0472771463017,0.00236562006609,0.000622042966099,0.000622042976898,-1.07989674061e-11
1.30666666667,0.0572952787587,0.00286790282662,0.000657257270904,0.000657257283822,-1.29170085001e-11
1.30666666667,0.0673134112156,0.00337076318243,0.000693649908879,0.00069364991624,-7.3609241532e-12
1.30666666667,0.0773315436725,0.0038743032587,0.000731202929164,0.000731202927735,1.42962909306e-12
1.30666666667,0.0873496761294,0.00437862573024,0.000769893203335,0.000769893224638,-2.13033336631e-11
1.30666666667,0.0973678085863,0.00488383390582,0.000809692144192,0.000809692158247,-1.40548466962e-11
1.30666666667,0.107385941043,0.0053900318137,0.000850565427925,0.000850565429189,-1.26417257738e-12
1.30666666667,0.1174040735,0.00589732428833,0.000892472721372,0.000892472740293,-1.89208679106e-11
1.30666666667,0.127422205957,0.00640581705854,0.000935367415961,0.000935367420725,-4.76404267598e-12
1.30666666667,0.137440338414,0.00691561683719,0.000979196371296,0.00097919638479,-1.34939394728e-11
1.30666666667,0.147458470871,0.00742683141263,0.00102389967046,0.00102389968529,-1.48310049138e-11
1.30666666667,0.157476603328,0.00793956974201,0.0010694103895,0.00106941040058,-1.10835386008e-11
1.30666666667,0.167494735785,0.0084539420467,0.00111565438413,0.0011156543972,-1.30760107603e-11
1.30666666667,0.177512868242,0.0089700599099,0.00116255009696,0.00116255010838,-1.14192180017e-11
1.30666666667,0.187531000699,0.0094880363768,0.00121000838791,0.00121000840596,-1.80510309391e-11
1.30666666667,0.197549133155,0.0100079860572,0.00125793239193,0.0012579324033,-1.13663965393e-11
1.30666666667,0.207567265612,0.0105300252314,0.00130621740741,0.00130621742171,-1.43079552112e-11
1.30666666667,0.217585398069,0.0110542719582,0.00135475081942,0.00135475083463,-1.52124591136e-11
1.30666666667,0.227603530526,0.0115808461875,0.00140341206174,0.00140341206784,-6.10751314974e-12
1.30666666667,0.237621662983,0.0121098698755,0.00145207262228,0.00145207263233,-1.00498929925e-11
1.30666666667,0.24763979544,0.0126414671037,0.0015005960963,0.00150059609665,-3.51540628205e-13
1.30666666667,0.257657927897,0.0131757642024,0.00154883829212,0.00154883830454,-1.24225547384e-11
1.30666666667,0.267676060354,0.0137128898779,0.00159664739425,0.00159664740451,-1.02630573311e-11
1.30666666667,0.277694192811,0.0142529753449,0.00164386418917,0.00164386420123,-1.20527444362e-11
1.30666666667,0.287712325268,0.0147961544633,0.00169032235807,0.00169032236233,-4.25689648462e-12
1.30666666667,0.297730457725,0.0153425638804,0.00173584884233,0.00173584884897,-6.6393119301e-12
1.30666666667,0.307748590181,0.0158923431784,0.00178026428666,0.00178026428637,2.84332887096e-13
1.30666666667,0.317766722638,0.0164456350284,0.00182338356435,0.00182338357058,-6.22935687408e-12
1.30666666667,0.327784855095,0.0170025853497,0.00186501638999,0.00186501639576,-5.76921236478e-12
1.30666666667,0.337802987552,0.0175633434769,0.00190496802358,0.00190496802848,-4.89837944512e-12
1.30666666667,0.347821120009,0.0181280623329,0.00194304007089,0.00194304006955,1.33350492107e-12
1.30666666667,0.357839252466,0.0186968986103,0.00197903138286,0.00197903138423,-1.36741572926e-12
1.30666666667,0.367857384923,0.0192700129608,0.00201273905777,0.00201273904878,8.98158760906e-12
1.30666666667,0.37787551738,0.0198475701924,0.0020439595483,0.00204395954746,8.38499408795e-13
1.30666666667,0.387893649837,0.0204297394763,0.00207248987477,0.00207248987248,2.29263916879e-12
1.30666666667,0.397911782294,0.0210166945635,0.00209812894532,0.00209812894258,2.74075727391e-12
1.30666666667,0.407929914751,0.0216086140109,0.00212067898188,0.00212067897281,9.07035601141e-12
1.30666666667,0.417948047208,0.0222056814195,0.00213994704967,0.0021399470421,7.56114094946e-12
1.30666666667,0.427966179664,0.022808085683,0.00215574668705,0.00215574667816,8.88730321974e-12
1.30666666667,0.437984312121,0.0234160212496,0.00216789962905,0.00216789961994,9.10784425309e-12
1.30666666667,0.448002444578,0.0240296883965,0.00217623761796,0.0021762376191,-1.14167269388e-12
1.30666666667,0.458020577035,0.0246492935189,0.00218060429016,0.00218060427963,1.05238465511e-11
1.30666666667,0.468038709492,0.0252750494334,0.00218085712768,0.00218085711385,1.38313353826e-11
1.30666666667,0.478056841949,0.0259071756975,0.00217686945915,0.0021768694485,1.06525378796e-11
1.30666666667,0.488074974406,0.0265458989466,0.00216853249219,0.00216853248453,7.65544528811e-12
1.30666666667,0.498093106863,0.0271914532482,0.0021557573569,0.00215575736237,-5.47565768769e-12
1.30666666667,0.50811123932,0.0278440804762,0.00213847713638,0.00213847711793,1.84439278086e-11
1.30666666667,0.518129371777,0.0285040307055,0.00211664885751,0.00211664883339,2.41151742672e-11
1.30666666667,0.528147504234,0.0291715626291,0.00209025541136,0.00209025539951,1.18547129578e-11
1.30666666667,0.53816563669,0.0298469439978,0.00205930737046,0.00205930735446,1.59976649983e-11
1.30666666667,0.548183769147,0.0305304520865,0.00202384466599,0.00202384466284,3.14586247677e-12
1.30666666667,0.558201901604,0.0312223741863,0.00198393808624,0.00198393806318,2.30653707939e-11
1.30666666667,0.568220034061,0.0319230081263,0.00193969055463,0.00193969052427,3.03677022764e-11
1.30666666667,0.578238166518,0.0326326628259,0.00189123814366,0.00189123811549,2.81678669105e-11
1.30666666667,0.588256298975,0.0333516588807,0.00183875077945,0.0018387507567,2.27513995057e-11
1.30666666667,0.598274431432,0.0340803291834,0.00178243259333,0.00178243255934,3.39856268128e-11
1.30666666667,0.608292563889,0.034819019584,0.00172252187271,0.00172252186733,5.37700656569e-12
1.30666666667,0.618310696346,0.0355680895896,0.00165929057026,0.00165929056056,9.70056283564e-12
1.30666666667,0.628328828803,0.0363279131098,0.00159304332965,0.00159304331965,9.99306323454e-12
1.30666666667,0.63834696126,0.0370988792486,0.00152411599189,0.00152411597751,1.43781867922e-11
1.30666666667,0.648365093716,0.0378813931477,0.00145287355223,0.00145287354211,1.01146127064e-11
1.30666666667,0.658383226173,0.038675876885,0.00137970754596,0.00137970752505,2.09076386846e-11
1.30666666667,0.66840135863,0.0394827704322,0.00130503284977,0.00130503285513,-5.35677968996e-12
1.30666666667,0.678419491087,0.0403025326764,0.00122928389905,0.00122928388193,1.71175369885e-11
1.30666666667,0.688437623544,0.0411356425112,0.00115291033345,0.00115291031181,2.16423834149e-11
1.30666666667,0.698455756001,0.041982600002,0.00107637210083,0.00107637209653,4.29521891145e-12
1.30666666667,0.708473888458,0.0428439276322,0.00100013406501,0.00100013405648,8.52796782844e-12
1.30666666667,0.718492020915,0.0437201716373,0.000924660182311,0.000924660188236,-5.92476653676e-12
1.30666666667,0.728510153372,0.0446119034331,0.000850407333233,0.000850407329998,3.23485097216e-12
1.30666666667,0.738528285829,0.0455197211468,0.000777818912542,0.000777818905166,7.37627125179e-12
1.30666666667,0.748546418286,0.0464442512598,0.000707318304483,0.000707318299073,5.40970328429e-12
1.30666666667,0.758564550743,0.0473861503717,0.000639302385474,0.000639302395648,-1.01731613585e-11
1.30666666667,0.768582683199,0.0483461070955,0.000574135215342,0.000574135224434,-9.09172498571e-12
1.30666666667,0.778600815656,0.049324844097,0.000512142087697,0.000512142092033,-4.33575614647e-12
1.30666666667,0.788618948113,0.0503231202898,0.000453604123221,0.000453604145973,-2.27514923134e-11
1.30666666667,0.79863708057,0.051341733201,0.000398753587164,0.000398753608262,-2.109833315e-11
1.30666666667,0.808655213027,0.0523815215234,0.000347770110418,0.000347770134243,-2.38257499667e-11
1.30666666667,0.818673345484,0.053443367871,0.00030077797919,0.000300778001521,-2.23314264216e-11
1.30666666667,0.828691477941,0.0545282017572,0.000257844637377,0.000257844650129,-1.2751824336e-11
1.30666666667,0.838709610398,0.0556370028172,0.000218980514624,0.00021898051095,3.67379434166e-12
1.30666666667,0.848727742855,0.0567708042987,0.000184140250131,0.00018414027359,-2.34592146056e-11
1.30666666667,0.858745875312,0.0579306968464,0.000153225339083,0.000153225369941,-3.08579164825e-11
1.30666666667,0.868764007769,0.0591178326101,0.000126088164215,0.000126088163184,1.03148826286e-12
1.30666666667,0.878782140225,0.0603334297102,0.000102537325297,0.000102537352622,-2.73247746044e-11
1.30666666667,0.888800272682,0.0615787770949,8.23441037578e-05,8.2344118939e-05,-1.51811618831e-11
1.30666666667,0.898818405139,0.062855239833,6.52498530207e-05,6.52498808759e-05,-2.78551619704e-11
1.30666666667,0.908836537596,0.0641642648861,5.09740429033e-05,5.09740626552e-05,-1.97518533647e-11
1.30666666667,0.918854670053,0.0655073874131,3.9222642495e-05,3.92226469421e-05,-4.44708007398e-12
1.30666666667,0.92887280251,0.0668862376641,2.96965052549e-05,2.96965232794e-05,-1.80245068003e-11
1.30666666667,0.938890934967,0.0683025485305,2.20994046674e-05,2.2099397784e-05,6.88340248516e-12
1.30666666667,0.948909067424,0.0697581638243,1.61453857228e-05,1.61453994735e-05,-1.37506752946e-11
1.30666666667,0.958927199881,0.0712550473698,1.15651317689e-05,1.15651333041e-05,-1.53514744319e-12
1.30666666667,0.968945332338,0.0727952930038,8.11110359433e-06,8.11111015396e-06,-6.55962372094e-12
1.30666666667,0.978963464795,0.074381135591,5.56129073348e-06,5.56129472111e-06,-3.9876253341e-12
1.30666666667,0.988981597252,0.0760149631763,3.72149075445e-06,3.7214974261e-06,-6.67164609149e-12
1.30666666667,0.998999729708,0.0776993304159,2.42614803247e-06,2.42615782848e-06,-9.79600168344e-12
1.30666666667,1.00901786217,0.079436973443,1.53785928436e-06,1.5378715875e-06,-1.23031428795e-11
1.30666666667,1.01903599462,0.0812308263549,9.45743205971e-07,9.45742451189e-07,7.54782304366e-13
1.30666666667,1.02905412708,0.0830840395274,5.62929980408e-07,5.62927702866e-07,2.2775414367e-12
1.30666666667,1.03907225954,0.085,3.23463894558e-07,3.234540131e-07,9.88145849867e-12
1.40555555556,-0.463647609001,-0.025,7.09565258404e-06,7.09565377782e-06,-1.19378409373e-12
1.40555555556,-0.453629476544,-0.0243769666932,8.16979065142e-06,8.16979518804e-06,-4.53661784652e-12
1.40555555556,-0.443611344087,-0.0237599900872,9.37730273518e-06,9.37729208251e-06,1.06526635928e-11
1.40555555556,-0.43359321163,-0.0231488602184,1.07308847465e-05,1.07308796464e-05,5.10003376133e-12
1.40555555556,-0.423575079173,-0.0225433734096,1.2244020751e-05,1.22440214788e-05,-7.27810244391e-13
1.40555555556,-0.413556946716,-0.0219433319732,1.39309950281e-05,1.39310020305e-05,-7.00239393278e-12
1.40555555556,-0.403538814259,-0.0213485439287,1.58069016715e-05,1.58069097172e-05,-8.04565902833e-12
1.40555555556,-0.393520681802,-0.0207588227338,1.78876511383e-05,1.78876498874e-05,1.25087173421e-12
1.40555555556,-0.383502549346,-0.0201739870282,2.0189973991e-05,2.01899854342e-05,-1.1443141292e-11
1.40555555556,-0.373484416889,-0.0195938603902,2.2731421246e-05,2.27314222469e-05,-1.00089148124e-12
1.40555555556,-0.363466284432,-0.0190182711034,2.55303612344e-05,2.55303614003e-05,-1.65899517295e-13
1.40555555556,-0.353448151975,-0.0184470519352,2.86059735326e-05,2.86059794774e-05,-5.94483264224e-12
1.40555555556,-0.343430019518,-0.0178800399241,3.19782383397e-05,3.19782426934e-05,-4.3537648462e-12
1.40555555556,-0.333411887061,-0.0173170761779,3.56679226459e-05,3.56679318313e-05,-9.18538391236e-12
1.40555555556,-0.323393754604,-0.0167580056787,3.9696562052e-05,3.96965615444e-05,5.07587454869e-13
1.40555555556,-0.313375622147,-0.0162026770985,4.40864387626e-05,4.40864435825e-05,-4.8199295778e-12
1.40555555556,-0.30335748969,-0.0156509426205,4.88605547401e-05,4.88605601696e-05,-5.42950442093e-12
1.40555555556,-0.293339357233,-0.0151026577694,5.40426008837e-05,5.40425954575e-05,5.42622376068e-12
1.40555555556,-0.283321224776,-0.0145576812471,5.96569214325e-05,5.96569174012e-05,4.03125035659e-12
1.40555555556,-0.273303092319,-0.0140158747764,6.57284735108e-05,6.5728471002e-05,2.50887837252e-12
1.40555555556,-0.263284959863,-0.0134771029497,7.22827819924e-05,7.22827791889e-05,2.80350825291e-12
1.40555555556,-0.253266827406,-0.0129412330837,7.93458891386e-05,7.93458879761e-05,1.16249673462e-12
1.40555555556,-0.243248694949,-0.0124081350797,8.69442993203e-05,8.69443014877e-05,-2.16740094297e-12
1.40555555556,-0.233230562492,-0.0118776812888,9.51049182002e-05,9.51049266826e-05,-8.48242513013e-12
1.40555555556,-0.223212430035,-0.0113497463819,0.000103854986688,0.00010385499481,-8.12168140087e-12
1.40555555556,-0.213194297578,-0.0108242072238,0.000113222009555,0.000113222008042,1.51365569655e-12
1.40555555556,-0.203176165121,-0.0103009427524,0.000123233677777,0.00012323368252,-4.74244298346e-12
1.40555555556,-0.193158032664,-0.00977983386053,0.000133917785857,0.00013391777911,6.74705256942e-12
1.40555555556,-0.183139900207,-0.00926076328247,0.000145302142842,0.000145302144925,-2.08369015401e-12
1.40555555556,-0.17312176775,-0.00874361548341,0.000157414477619,0.00015741448382,-6.20028992883e-12
1.40555555556,-0.163103635293,-0.00822827655213,0.000170282338009,0.000170282347824,-9.81512381136e-12
1.40555555556,-0.153085502837,-0.00771463409674,0.000183932983871,0.000183932993461,-9.59033801809e-12
1.40555555556,-0.14306737038,-0.00720257714313,0.000198393273819,0.000198393280438,-6.61913232558e-12
1.40555555556,-0.133049237923,-0.00669199603594,0.00021368954611,0.00021368954795,-1.84036477464e-12
1.40555555556,-0.123031105466,-0.00618278234193,0.000229847492712,0.00022984749945,-6.73813058843e-12
1.40555555556,-0.113012973009,-0.00567482875553,0.000246892027484,0.000246892039887,-1.24027641998e-11
1.40555555556,-0.102994840552,-0.00516802900634,0.000264847147709,0.000264847149374,-1.66529003044e-12
1.40555555556,-0.092976708095,-0.00466227776851,0.000283735789601,0.000283735789352,2.49248701106e-13
1.40555555556,-0.0829585756381,-0.00415747057172,0.000303579677321,0.000303579682717,-5.39607524245e-12
1.40555555556,-0.0729404431812,-0.00365350371365,0.000324399165696,0.000324399177444,-1.17480265967e-11
1.40555555556,-0.0629223107243,-0.00315027417389,0.0003462130772,0.000346213079395,-2.19536075517e-12
1.40555555556,-0.0529041782674,-0.00264767952885,0.000369038532255,0.000369038539615,-7.35987329024e-12
1.40555555556,-0.0428860458105,-0.00214561786788,0.000392890774394,0.000392890776597,-2.20309702556e-12
1.40555555556,-0.0328679133536,-0.00164398771014,0.000417782989059,0.00041778299289,-3.83134089775e-12
1.40555555556,-0.0228497808966,-0.0011426879223,0.000443726117373,0.000443726120682,-3.30916620061e-12
1.40555555556,-0.0128316484397,-0.000641617636745,0.000470728664568,0.000470728679803,-1.52354122157e-11
1.40555555556,-0.00281351598282,-0.000140676170333,0.000498796503636,0.00049879650859,-4.95368687476e-12
1.40555555556,0.00720461647409,0.000360237056607,0.000527932674508,0.000527932676436,-1.92751945047e-12
1.40555555556,0.017222748931,0.000861222601068,0.000558137179031,0.000558137202505,-2.34748781828e-11
1.40555555556,0.0272408813879,0.00136238107812,0.000589406772829,0.000589406776167,-3.33865498182e-12
1.40555555556,0.0372590138448,0.00186381324178,0.000621734753958,0.000621734758858,-4.90012295063e-12
1.40555555556,0.0472771463017,0.00236562006609,0.000655110749459,0.000655110752585,-3.12659154209e-12
1.40555555556,0.0572952787587,0.00286790282662,0.000689520500371,0.000689520515427,-1.50557915744e-11
1.40555555556,0.0673134112156,0.00337076318243,0.0007249456462,0.000724945653998,-7.7979819867e-12
1.40555555556,0.0773315436725,0.0038743032587,0.000761363509716,0.000761363533451,-2.37343277627e-11
1.40555555556,0.0873496761294,0.00437862573024,0.000798746882802,0.000798746896121,-1.33188259683e-11
1.40555555556,0.0973678085863,0.00488383390582,0.000837063815575,0.00083706382921,-1.36347849244e-11
1.40555555556,0.107385941043,0.0053900318137,0.000876277408348,0.000876277422563,-1.42154703807e-11
1.40555555556,0.1174040735,0.00589732428833,0.00091634560973,0.000916345624874,-1.51440923604e-11
1.40555555556,0.127422205957,0.00640581705854,0.000957221020855,0.000957221020892,-3.7831283245e-14
1.40555555556,0.137440338414,0.00691561683719,0.000998850708568,0.000998850725754,-1.71862947051e-11
1.40555555556,0.147458470871,0.00742683141263,0.00104117602837,0.00104117604867,-2.02946943105e-11
1.40555555556,0.157476603328,0.00793956974201,0.00108413246023,0.00108413247856,-1.83339099111e-11
1.40555555556,0.167494735785,0.0084539420467,0.00112764945845,0.00112764946487,-6.42719037713e-12
1.40555555556,0.177512868242,0.0089700599099,0.00117165031809,0.00117165033292,-1.48290962843e-11
1.40555555556,0.187531000699,0.0094880363768,0.0012160520613,0.00121605207846,-1.71524522016e-11
1.40555555556,0.197549133155,0.0100079860572,0.00126076534451,0.00126076535825,-1.37376215004e-11
1.40555555556,0.207567265612,0.0105300252314,0.00130569439108,0.00130569440524,-1.41610473348e-11
1.40555555556,0.217585398069,0.0110542719582,0.00135073695107,0.00135073696165,-1.05717852007e-11
1.40555555556,0.227603530526,0.0115808461875,0.00139578429189,0.00139578429914,-7.24757146658e-12
1.40555555556,0.237621662983,0.0121098698755,0.0014407212229,0.00144072122975,-6.85117999659e-12
1.40555555556,0.24763979544,0.0126414671037,0.00148542615751,0.00148542615654,9.7543414318e-13
1.40555555556,0.257657927897,0.0131757642024,0.00152977121626,0.00152977122821,-1.19406969121e-11
1.40555555556,0.267676060354,0.0137128898779,0.00157362237467,0.00157362237807,-3.39747804542e-12
1.40555555556,0.277694192811,0.0142529753449,0.00161683965921,0.00161683966942,-1.0200944256e-11
1.40555555556,0.287712325268,0.0147961544633,0.00165927739614,0.00165927741247,-1.63248011029e-11
1.40555555556,0.297730457725,0.0153425638804,0.00170078451609,0.00170078452582,-9.73196761893e-12
1.40555555556,0.307748590181,0.0158923431784,0.00174120491883,0.00174120492086,-2.02756951853e-12
1.40555555556,0.317766722638,0.0164456350284,0.00178037790228,0.00178037790888,-6.60007356927e-12
1.40555555556,0.327784855095,0.0170025853497,0.00181813865871,0.00181813865806,6.4284016478e-13
1.40555555556,0.337802987552,0.0175633434769,0.00185431884254,0.00185431885208,-9.54541523948e-12
1.40555555556,0.347821120009,0.0181280623329,0.00188874721292,0.0018887472132,-2.84068341766e-13
1.40555555556,0.357839252466,0.0186968986103,0.00192125035348,0.00192125035978,-6.29863197189e-12
1.40555555556,0.367857384923,0.0192700129608,0.00195165347315,0.00195165347034,2.81016399387e-12
1.40555555556,0.37787551738,0.0198475701924,0.00197978128918,0.00197978129099,-1.80892193585e-12
1.40555555556,0.387893649837,0.0204297394763,0.00200545899445,0.00200545899694,-2.48532834937e-12
1.40555555556,0.397911782294,0.0210166945635,0.00202851330986,0.00202851330998,-1.18978611685e-13
1.40555555556,0.407929914751,0.0216086140109,0.00204877362185,0.00204877361603,5.82055107237e-12
1.40555555556,0.417948047208,0.0222056814195,0.00206607320433,0.00206607319784,6.48797335301e-12
1.40555555556,0.427966179664,0.022808085683,0.00208025052221,0.00208025052401,-1.80463456678e-12
1.40555555556,0.437984312121,0.0234160212496,0.00209115061441,0.00209115061291,1.49681135542e-12
1.40555555556,0.448002444578,0.0240296883965,0.0020986265503,0.00209862655172,-1.42082352828e-12
1.40555555556,0.458020577035,0.0246492935189,0.00210254095389,0.00210254094971,4.17946580122e-12
1.40555555556,0.468038709492,0.0252750494334,0.00210276758745,0.00210276758245,4.99448225832e-12
1.40555555556,0.478056841949,0.0259071756975,0.00209919298411,0.00209919297485,9.25644066604e-12
1.40555555556,0.488074974406,0.0265458989466,0.00209171811757,0.00209171811458,2.99256236111e-12
1.40555555556,0.498093106863,0.0271914532482,0.00208026009396,0.0020802600966,-2.6456905243e-12
1.40555555556,0.50811123932,0.0278440804762,0.00206475384923,0.00206475383251,1.67244061482e-11
1.40555555556,0.518129371777,0.0285040307055,0.00204515383219,0.0020451538149,1.72845010873e-11
1.40555555556,0.528147504234,0.0291715626291,0.00202143565151,0.00202143564825,3.2577378295e-12
1.40555555556,0.53816563669,0.0298469439978,0.0019935976622,0.00199359764606,1.61317044792e-11
1.40555555556,0.548183769147,0.0305304520865,0.00196166246278,0.00196166244919,1.35934657627e-11
1.40555555556,0.558201901604,0.0312223741863,0.00192567827621,0.00192567825019,2.60181511752e-11
1.40555555556,0.568220034061,0.0319230081263,0.00188572017886,0.00188572016315,1.57114004966e-11
1.40555555556,0.578238166518,0.0326326628259,0.00184189114603,0.00184189113538,1.06486787704e-11
1.40555555556,0.588256298975,0.0333516588807,0.00179432287715,0.00179432286052,1.66320904531e-11
1.40555555556,0.598274431432,0.0340803291834,0.00174317636218,0.00174317634399,1.81865260698e-11
1.40555555556,0.608292563889,0.034819019584,0.00168864215354,0.0016886421519,1.63522494157e-12
1.40555555556,0.618310696346,0.0355680895896,0.00163094030354,0.00163094029735,6.19163661314e-12
1.40555555556,0.628328828803,0.0363279131098,0.00157031993124,0.00157031993169,-4.49661792176e-13
1.40555555556,0.63834696126,0.0370988792486,0.00150705838531,0.00150705837649,8.81435397761e-12
1.40555555556,0.648365093716,0.0378813931477,0.00144145996778,0.00144145995516,1.26171336833e-11
1.40555555556,0.658383226173,0.038675876885,0.00137385419631,0.00137385417598,2.03275991959e-11
1.40555555556,0.66840135863,0.0394827704322,0.00130459357969,0.00130459357373,5.95988145988e-12
1.40555555556,0.678419491087,0.0403025326764,0.00123405089723,0.00123405088017,1.70634131824e-11
1.40555555556,0.688437623544,0.0411356425112,0.00116261597564,0.00116261595621,1.94333047918e-11
1.40555555556,0.698455756001,0.041982600002,0.00109069197202,0.00109069196927,2.74707708837e-12
1.40555555556,0.708473888458,0.0428439276322,0.00101869118502,0.00101869116572,1.92981566057e-11
1.40555555556,0.718492020915,0.0437201716373,0.000947030423804,0.000947030422697,1.10607833656e-12
1.40555555556,0.728510153372,0.0446119034331,0.000876125992727,0.00087612597515,1.7576774888e-11
1.40555555556,0.738528285829,0.0455197211468,0.000806388352412,0.000806388345717,6.69488900082e-12
1.40555555556,0.748546418286,0.0464442512598,0.000738216546642,0.000738216533961,1.26808934447e-11
1.40555555556,0.758564550743,0.0473861503717,0.00067199249533,0.000671992493484,1.84617425514e-12
1.40555555556,0.768582683199,0.0483461070955,0.000608075272843,0.000608075290117,-1.72743243321e-11
1.40555555556,0.778600815656,0.049324844097,0.000546795507969,0.000546795511663,-3.69351012448e-12
1.40555555556,0.788618948113,0.0503231202898,0.000488450050892,0.000488450060159,-9.26692208213e-12
1.40555555556,0.79863708057,0.051341733201,0.000433297064686,0.000433297075391,-1.07045542135e-11
1.40555555556,0.808655213027,0.0523815215234,0.000381551703219,0.000381551721969,-1.87499969977e-11
1.40555555556,0.818673345484,0.053443367871,0.00033338253394,0.00033338254676,-1.28196338094e-11
1.40555555556,0.828691477941,0.0545282017572,0.000288908858989,0.000288908871539,-1.25501037514e-11
1.40555555556,0.838709610398,0.0556370028172,0.000248199071018,0.000248199072461,-1.44299307746e-12
1.40555555556,0.848727742855,0.0567708042987,0.000211270155398,0.00021127017264,-1.72422733643e-11
1.40555555556,0.858745875312,0.0579306968464,0.000178088418457,0.00017808843545,-1.69937304246e-11
1.40555555556,0.868764007769,0.0591178326101,0.000148571484282,0.000148571484378,-9.57519653844e-14
1.40555555556,0.878782140225,0.0603334297102,0.00012259154844,0.00012259156807,-1.96299532618e-11
1.40555555556,0.888800272682,0.0615787770949,9.99798310808e-05,9.99798372964e-05,-6.21564453553e-12
1.40555555556,0.898818405139,0.062855239833,8.05321112574e-05,8.05321407826e-05,-2.9525291283e-11
1.40555555556,0.908836537596,0.0641642648861,6.40151705256e-05,6.40151894337e-05,-1.89081586759e-11
1.40555555556,0.918854670053,0.0655073874131,5.01739182146e-05,5.01739202949e-05,-2.0802767061e-12
1.40555555556,0.92887280251,0.0668862376641,3.87389370582e-05,3.87389588899e-05,-2.1831730217e-11
1.40555555556,0.938890934967,0.0683025485305,2.94341373497e-05,2.94341316217e-05,5.72802721054e-12
1.40555555556,0.948909067424,0.0697581638243,2.1984212506e-05,2.19842210677e-05,-8.56173270301e-12
1.40555555556,0.958927199881,0.0712550473698,1.61215746308e-05,1.61215773363e-05,-2.70549966978e-12
1.40555555556,0.968945332338,0.0727952930038,1.15924862765e-05,1.15924911843e-05,-4.90780267988e-12
1.40555555556,0.978963464795,0.074381135591,8.16213652222e-06,8.162141284e-06,-4.76178753546e-12
1.40555555556,0.988981597252,0.0760149631763,5.61848650937e-06,5.61849454716e-06,-8.03778766635e-12
1.40555555556,0.998999729708,0.0776993304159,3.77478118208e-06,3.77478080208e-06,3.79998766828e-13
1.40555555556,1.00901786217,0.079436973443,2.47070877646e-06,2.47072348988e-06,-1.47134208029e-11
1.40555555556,1.01903599462,0.0812308263549,1.57229215758e-06,1.57229349059e-06,-1.33300401967e-12
1.40555555556,1.02905412708,0.0830840395274,9.70659524979e-07,9.70664156161e-07,-4.63118193968e-12
1.40555555556,1.03907225954,0.085,5.79919862131e-07,5.79915996136e-07,3.86599563126e-12
1.50444444444,-0.463647609001,-0.025,9.97028147969e-06,9.97029063259e-06,-9.15289995997e-12
1.50444444444,-0.453629476544,-0.0243769666932,1.13737069304e-05,1.13736997588e-05,7.17164724992e-12
1.50444444444,-0.443611344087,-0.0237599900872,1.29370099991e-05,1.29370100774e-05,-7.83108099173e-14
1.50444444444,-0.43359321163,-0.0231488602184,1.46737950529e-05,1.46738025998e-05,-7.54695308492e-12
1.50444444444,-0.423575079173,-0.0225433734096,1.65983658599e-05,1.65983720954e-05,-6.23544835218e-12
1.50444444444,-0.413556946716,-0.0219433319732,1.87257254036e-05,1.87257287931e-05,-3.38951783307e-12
1.50444444444,-0.403538814259,-0.0213485439287,2.10715726692e-05,2.10715711362e-05,1.5330330931e-12
1.50444444444,-0.393520681802,-0.0207588227338,2.36522967691e-05,2.36522963558e-05,4.1329649257e-13
1.50444444444,-0.383502549346,-0.0201739870282,2.64849683049e-05,2.64849691962e-05,-8.9134014297e-13
1.50444444444,-0.373484416889,-0.0195938603902,2.95873273229e-05,2.95873260151e-05,1.30781419155e-12
1.50444444444,-0.363466284432,-0.0190182711034,3.29777680695e-05,3.29777727884e-05,-4.71889095453e-12
1.50444444444,-0.353448151975,-0.0184470519352,3.66753212622e-05,3.66753312785e-05,-1.00163264117e-11
1.50444444444,-0.343430019518,-0.0178800399241,4.06996322966e-05,4.06996247669e-05,7.5297281363e-12
1.50444444444,-0.333411887061,-0.0173170761779,4.50709361559e-05,4.50709375527e-05,-1.39683369851e-12
1.50444444444,-0.323393754604,-0.0167580056787,4.98100293921e-05,4.98100411128e-05,-1.17207034144e-11
1.50444444444,-0.313375622147,-0.0162026770985,5.49382379872e-05,5.49382365353e-05,1.45184756009e-12
1.50444444444,-0.30335748969,-0.0156509426205,6.04773819733e-05,6.04773804563e-05,1.51704832778e-12
1.50444444444,-0.293339357233,-0.0151026577694,6.64497362912e-05,6.64497350119e-05,1.27935048623e-12
1.50444444444,-0.283321224776,-0.0145576812471,7.28779879668e-05,7.28779897972e-05,-1.83038650968e-12
1.50444444444,-0.273303092319,-0.0140158747764,7.97851892908e-05,7.97852056555e-05,-1.63646840762e-11
1.50444444444,-0.263284959863,-0.0134771029497,8.71947072184e-05,8.71947138449e-05,-6.62646535408e-12
1.50444444444,-0.253266827406,-0.0129412330837,9.51301691381e-05,9.51301635285e-05,5.60963177765e-12
1.50444444444,-0.243248694949,-0.0124081350797,0.000103615404284,0.000103615403852,4.31570537228e-13
1.50444444444,-0.233230562492,-0.0118776812888,0.000112674381114,0.000112674386794,-5.67989803953e-12
1.50444444444,-0.223212430035,-0.0113497463819,0.000122331141055,0.000122331147087,-6.03205029329e-12
1.50444444444,-0.213194297578,-0.0108242072238,0.000132609727288,0.000132609732803,-5.51561097142e-12
1.50444444444,-0.203176165121,-0.0103009427524,0.000143534110166,0.000143534115602,-5.43644174274e-12
1.50444444444,-0.193158032664,-0.00977983386053,0.000155128107648,0.000155128102598,5.04975979109e-12
1.50444444444,-0.183139900207,-0.00926076328247,0.000167415302266,0.000167415309528,-7.26250117444e-12
1.50444444444,-0.17312176775,-0.00874361548341,0.000180418952789,0.000180418972924,-2.01352989458e-11
1.50444444444,-0.163103635293,-0.00822827655213,0.000194161902159,0.00019416190273,-5.70246188594e-13
1.50444444444,-0.153085502837,-0.00771463409674,0.000208666481071,0.000208666480195,8.75956967551e-13
1.50444444444,-0.14306737038,-0.00720257714313,0.000223954406602,0.000223954407119,-5.17370163638e-13
1.50444444444,-0.133049237923,-0.00669199603594,0.000240046677019,0.000240046670584,6.43505691442e-12
1.50444444444,-0.123031105466,-0.00618278234193,0.000256963461601,0.00025696346955,-7.94967894681e-12
1.50444444444,-0.113012973009,-0.00567482875553,0.000274723986598,0.000274723995457,-8.85913532204e-12
1.50444444444,-0.102994840552,-0.00516802900634,0.000293346416208,0.000293346426286,-1.00780446813e-11
1.50444444444,-0.092976708095,-0.00466227776851,0.00031284772966,0.000312847725098,4.56204041557e-12
1.50444444444,-0.0829585756381,-0.00415747057172,0.000333243593779,0.000333243608383,-1.460471582e-11
1.50444444444,-0.0729404431812,-0.00365350371365,0.000354548231193,0.000354548241277,-1.00840728454e-11
1.50444444444,-0.0629223107243,-0.00315027417389,0.000376774284615,0.000376774289101,-4.48655701349e-12
1.50444444444,-0.0529041782674,-0.00264767952885,0.000399932677054,0.000399932680834,-3.78092435832e-12
1.50444444444,-0.0428860458105,-0.00214561786788,0.000424032467953,0.000424032472031,-4.07726353764e-12
1.50444444444,-0.0328679133536,-0.00164398771014,0.000449080705804,0.000449080720984,-1.51806274799e-11
1.50444444444,-0.0228497808966,-0.0011426879223,0.000475082277251,0.000475082285278,-8.02750314138e-12
1.50444444444,-0.0128316484397,-0.000641617636745,0.000502039752574,0.000502039761148,-8.57394569839e-12
1.50444444444,-0.00281351598282,-0.000140676170333,0.000529953228757,0.000529953239545,-1.07877472146e-11
1.50444444444,0.00720461647409,0.000360237056607,0.000558820169297,0.00055882017449,-5.19348008609e-12
1.50444444444,0.017222748931,0.000861222601068,0.000588635242138,0.000588635251801,-9.66379244422e-12
1.50444444444,0.0272408813879,0.00136238107812,0.000619390155411,0.000619390160689,-5.2785764041e-12
1.50444444444,0.0372590138448,0.00186381324178,0.000651073491773,0.000651073499093,-7.31912599104e-12
1.50444444444,0.0472771463017,0.00236562006609,0.000683670542167,0.000683670552599,-1.04323847738e-11
1.50444444444,0.0572952787587,0.00286790282662,0.000717163138896,0.000717163142041,-3.14417621713e-12
1.50444444444,0.0673134112156,0.00337076318243,0.000751529489157,0.000751529499562,-1.04054333509e-11
1.50444444444,0.0773315436725,0.0038743032587,0.000786744009853,0.000786744011887,-2.03406486533e-12
1.50444444444,0.0873496761294,0.00437862573024,0.000822777164074,0.000822777172,-7.92646623251e-12
1.50444444444,0.0973678085863,0.00488383390582,0.000859595300747,0.000859595301201,-4.54071892933e-13
1.50444444444,0.107385941043,0.0053900318137,0.00089716049762,0.000897160511595,-1.39747787994e-11
1.50444444444,0.1174040735,0.00589732428833,0.000935430409695,0.000935430426732,-1.70379088442e-11
1.50444444444,0.127422205957,0.00640581705854,0.000974358123204,0.000974358127081,-3.8769428206e-12
1.50444444444,0.137440338414,0.00691561683719,0.00101389201749,0.00101389202812,-1.06314657598e-11
1.50444444444,0.147458470871,0.00742683141263,0.0010539756354,0.00105397564292,-7.51999114021e-12
1.50444444444,0.157476603328,0.00793956974201,0.00109454756389,0.00109454756729,-3.40434256306e-12
1.50444444444,0.167494735785,0.0084539420467,0.00113554132705,0.00113554133415,-7.09540846217e-12
1.50444444444,0.177512868242,0.0089700599099,0.0011768852923,0.00117688529873,-6.42733088974e-12
1.50444444444,0.187531000699,0.0094880363768,0.00121850259252,0.00121850260434,-1.18255516057e-11
1.50444444444,0.197549133155,0.0100079860572,0.00126031106593,0.00126031107543,-9.50025388219e-12
1.50444444444,0.207567265612,0.0105300252314,0.00130222321539,0.00130222322808,-1.26907069922e-11
1.50444444444,0.217585398069,0.0110542719582,0.00134414619001,0.00134414620882,-1.88042372472e-11
1.50444444444,0.227603530526,0.0115808461875,0.00138598179134,0.00138598179389,-2.55173399771e-12
1.50444444444,0.237621662983,0.0121098698755,0.00142762650624,0.00142762651624,-1.00047138542e-11
1.50444444444,0.24763979544,0.0126414671037,0.00146897156972,0.00146897156615,3.56985925196e-12
1.50444444444,0.257657927897,0.0131757642024,0.00150990305998,0.00150990306529,-5.31396714826e-12
1.50444444444,0.267676060354,0.0137128898779,0.00155030202884,0.00155030203533,-6.48198422021e-12
1.50444444444,0.277694192811,0.0142529753449,0.00159004467047,0.00159004467848,-8.00887915015e-12
1.50444444444,0.287712325268,0.0147961544633,0.00162900253117,0.00162900253286,-1.68609180437e-12
1.50444444444,0.297730457725,0.0153425638804,0.00166704276355,0.00166704276111,2.44687993825e-12
1.50444444444,0.307748590181,0.0158923431784,0.00170402842821,0.00170402843378,-5.57827980856e-12
1.50444444444,0.317766722638,0.0164456350284,0.00173981884568,0.00173981885067,-4.99565861768e-12
1.50444444444,0.327784855095,0.0170025853497,0.00177427000218,0.00177427001044,-8.2646658614e-12
1.50444444444,0.337802987552,0.0175633434769,0.00180723501139,0.00180723501657,-5.18470943262e-12
1.50444444444,0.347821120009,0.0181280623329,0.00183856463604,0.00183856463779,-1.7482790389e-12
1.50444444444,0.357839252466,0.0186968986103,0.00186810787076,0.00186810787824,-7.47897078469e-12
1.50444444444,0.367857384923,0.0192700129608,0.00189571258979,0.0018957125818,7.99148637889e-12
1.50444444444,0.37787551738,0.0198475701924,0.00192122626046,0.0019212262607,-2.35577616442e-13
1.50444444444,0.387893649837,0.0204297394763,0.00194449672497,0.00194449673576,-1.07857631246e-11
1.50444444444,0.397911782294,0.0210166945635,0.00196537305116,0.00196537304933,1.83666666945e-12
1.50444444444,0.407929914751,0.0216086140109,0.00198370645252,0.00198370644298,9.54008269952e-12
1.50444444444,0.417948047208,0.0222056814195,0.00199935127844,0.00199935127716,1.28537241614e-12
1.50444444444,0.427966179664,0.022808085683,0.00201216607223,0.00201216607538,-3.14712058497e-12
1.50444444444,0.437984312121,0.0234160212496,0.00202201469629,0.00202201469149,4.80123015997e-12
1.50444444444,0.448002444578,0.0240296883965,0.00202876752065,0.00202876752602,-5.37295902214e-12
1.50444444444,0.458020577035,0.0246492935189,0.00203230267172,0.00203230266774,3.98664261325e-12
1.50444444444,0.468038709492,0.0252750494334,0.00203250733433,0.00203250732552,8.80723922611e-12
1.50444444444,0.478056841949,0.0259071756975,0.00202927910153,0.00202927909841,3.12149351506e-12
1.50444444444,0.488074974406,0.0265458989466,0.00202252736314,0.00202252736439,-1.25242047636e-12
1.50444444444,0.498093106863,0.0271914532482,0.00201217472216,0.00201217472171,4.44364163521e-13
1.50444444444,0.50811123932,0.0278440804762,0.0019981584278,0.00199815840877,1.90322349894e-11
1.50444444444,0.518129371777,0.0285040307055,0.00198043181025,0.00198043178378,2.64637313799e-11
1.50444444444,0.528147504234,0.0291715626291,0.00195896570111,0.00195896569754,3.57027645295e-12
1.50444444444,0.53816563669,0.0298469439978,0.00193374982138,0.00193374979848,2.29042039241e-11
1.50444444444,0.548183769147,0.0305304520865,0.00190479411542,0.00190479410237,1.30528550208e-11
1.50444444444,0.558201901604,0.0312223741863,0.00187213000928,0.00187212998459,2.46898244037e-11
1.50444444444,0.568220034061,0.0319230081263,0.00183581156686,0.00183581155552,1.13396700883e-11
1.50444444444,0.578238166518,0.0326326628259,0.00179591651862,0.00179591650463,1.39908987173e-11
1.50444444444,0.588256298975,0.0333516588807,0.00175254713179,0.00175254711087,2.09266345572e-11
1.50444444444,0.598274431432,0.0340803291834,0.00170583089369,0.00170583087487,1.88251963931e-11
1.50444444444,0.608292563889,0.034819019584,0.00165592097454,0.00165592096571,8.83644654844e-12
1.50444444444,0.618310696346,0.0355680895896,0.00160299643913,0.00160299642566,1.34661836803e-11
1.50444444444,0.628328828803,0.0363279131098,0.0015472621729,0.00154726217299,-8.80714771945e-14
1.50444444444,0.63834696126,0.0370988792486,0.00148894849235,0.00148894847589,1.64573161956e-11
1.50444444444,0.648365093716,0.0378813931477,0.00142831040797,0.00142831039753,1.04423694084e-11
1.50444444444,0.658383226173,0.038675876885,0.00136562651208,0.00136562648774,2.43390724242e-11
1.50444444444,0.66840135863,0.0394827704322,0.0013011974672,0.0013011974719,-4.69405547418e-12
1.50444444444,0.678419491087,0.0403025326764,0.00123534407669,0.00123534406448,1.22087416132e-11
1.50444444444,0.688437623544,0.0411356425112,0.00116840492073,0.00116840491452,6.21267035213e-12
1.50444444444,0.698455756001,0.041982600002,0.00110073355784,0.00110073355951,-1.66227535209e-12
1.50444444444,0.708473888458,0.0428439276322,0.00103269529053,0.00103269527803,1.25059387759e-11
1.50444444444,0.718492020915,0.0437201716373,0.000964663512404,0.00096466351681,-4.40633098585e-12
1.50444444444,0.728510153372,0.0446119034331,0.000897015662582,0.00089701565193,1.06516562064e-11
1.50444444444,0.738528285829,0.0455197211468,0.000830128828871,0.000830128827028,1.84322782731e-12
1.50444444444,0.748546418286,0.0464442512598,0.000764375052351,0.000764375039675,1.2676000874e-11
1.50444444444,0.758564550743,0.0473861503717,0.000700116407071,0.000700116410097,-3.02605510094e-12
1.50444444444,0.768582683199,0.0483461070955,0.000637699936398,0.000637699951855,-1.54562356837e-11
1.50444444444,0.778600815656,0.049324844097,0.000577452552303,0.000577452552322,-1.87141968588e-14
1.50444444444,0.788618948113,0.0503231202898,0.000519676008684,0.000519676009489,-8.04550003008e-13
1.50444444444,0.79863708057,0.051341733201,0.000464642079187,0.000464642094803,-1.56162346509e-11
1.50444444444,0.808655213027,0.0523815215234,0.000412588077869,0.000412588096238,-1.83688706606e-11
1.50444444444,0.818673345484,0.053443367871,0.000363712863577,0.000363712885493,-2.19164335118e-11
1.50444444444,0.828691477941,0.0545282017572,0.000318173475206,0.00031817348476,-9.55488856438e-12
1.50444444444,0.838709610398,0.0556370028172,0.000276082537803,0.000276082528051,9.75258610848e-12
1.50444444444,0.848727742855,0.0567708042987,0.000237506567052,0.000237506590602,-2.3549337827e-11
1.50444444444,0.858745875312,0.0579306968464,0.00020246528204,0.000202465305271,-2.32311240557e-11
1.50444444444,0.868764007769,0.0591178326101,0.000170932012156,0.00017093201361,-1.45431887019e-12
1.50444444444,0.878782140225,0.0603334297102,0.000142835242939,0.000142835267531,-2.45920876978e-11
1.50444444444,0.888800272682,0.0615787770949,0.000118061315585,0.000118061335953,-2.03677396129e-11
1.50444444444,0.898818405139,0.062855239833,9.64582344554e-05,9.64582524296e-05,-1.7974241236e-11
1.50444444444,0.908836537596,0.0641642648861,7.78405001567e-05,7.784051219e-05,-1.20333216048e-11
1.50444444444,0.918854670053,0.0655073874131,6.19948208047e-05,6.19948289729e-05,-8.16819420262e-12
1.50444444444,0.92887280251,0.0668862376641,4.86865156524e-05,4.8686535528e-05,-1.98756094048e-11
1.50444444444,0.938890934967,0.0683025485305,3.76663726598e-05,3.76663629065e-05,9.75326395168e-12
1.50444444444,0.948909067424,0.0697581638243,2.86776916103e-05,2.86777015253e-05,-9.91504361253e-12
1.50444444444,0.958927199881,0.0712550473698,2.14632238371e-05,2.14632268508e-05,-3.01369519617e-12
1.50444444444,0.968945332338,0.0727952930038,1.57717111593e-05,1.57717233379e-05,-1.2178571953e-11
1.50444444444,0.978963464795,0.074381135591,1.136375119e-05,1.13637579295e-05,-6.73943279655e-12
1.50444444444,0.988981597252,0.0760149631763,8.01674004958e-06,8.01674908358e-06,-9.03400748306e-12
1.50444444444,0.998999729708,0.0776993304159,5.52870985104e-06,5.52872407538e-06,-1.42243361187e-11
1.50444444444,1.00901786217,0.079436973443,3.72094063894e-06,3.72095052444e-06,-9.88550127173e-12
1.50444444444,1.01903599462,0.0812308263549,2.43930819988e-06,2.43931015303e-06,-1.95315335086e-12
1.50444444444,1.02905412708,0.0830840395274,1.55442159144e-06,1.55442179864e-06,-2.07201443503e-13
1.50444444444,1.03907225954,0.085,9.60669044314e-07,9.60667053422e-07,1.99089204324e-12
1.60333333333,-0.463647609001,-0.025,1.34066496136e-05,1.34066430233e-05,6.5902678517e-12
1.60333333333,-0.453629476544,-0.0243769666932,1.51700592654e-05,1.51700570508e-05,2.21465003149e-12
1.60333333333,-0.443611344087,-0.0237599900872,1.71186472333e-05,1.71186411987e-05,6.03459144634e-12
1.60333333333,-0.43359321163,-0.0231488602184,1.92665395129e-05,1.92665452452e-05,-5.73231830655e-12
1.60333333333,-0.423575079173,-0.0225433734096,2.1628453458e-05,2.16284458425e-05,7.61554853196e-12
1.60333333333,-0.413556946716,-0.0219433319732,2.42196884366e-05,2.42196863362e-05,2.10035888828e-12
1.60333333333,-0.403538814259,-0.0213485439287,2.70561121066e-05,2.70561208101e-05,-8.70347614508e-12
1.60333333333,-0.393520681802,-0.0207588227338,3.01541456643e-05,3.01541529652e-05,-7.30094489978e-12
1.60333333333,-0.383502549346,-0.0201739870282,3.35307456014e-05,3.35307503145e-05,-4.71311396622e-12
1.60333333333,-0.373484416889,-0.0195938603902,3.72033831023e-05,3.72033715855e-05,1.15168652406e-11
1.60333333333,-0.363466284432,-0.0190182711034,4.11900207611e-05,4.11900207607e-05,3.60686957732e-16
1.60333333333,-0.353448151975,-0.0184470519352,4.55090865155e-05,4.55090863799e-05,1.35643740977e-13
1.60333333333,-0.343430019518,-0.0178800399241,5.01794448343e-05,5.01794506725e-05,-5.83819203783e-12
1.60333333333,-0.333411887061,-0.0173170761779,5.52203653447e-05,5.52203750256e-05,-9.68092290631e-12
1.60333333333,-0.323393754604,-0.0167580056787,6.06514884507e-05,6.06514957742e-05,-7.32345979107e-12
1.60333333333,-0.313375622147,-0.0162026770985,6.64927880264e-05,6.64927812441e-05,6.78231894204e-12
1.60333333333,-0.30335748969,-0.0156509426205,7.27645319411e-05,7.27645304344e-05,1.50662656992e-12
1.60333333333,-0.293339357233,-0.0151026577694,7.94872387366e-05,7.94872367326e-05,2.00395753323e-12
1.60333333333,-0.283321224776,-0.0145576812471,8.66816322821e-05,8.66816473693e-05,-1.50871236348e-11
1.60333333333,-0.273303092319,-0.0140158747764,9.43685930061e-05,9.43685971186e-05,-4.11249995917e-12
1.60333333333,-0.263284959863,-0.0134771029497,0.000102569106585,0.00010256911059,-4.00473378688e-12
1.60333333333,-0.253266827406,-0.0129412330837,0.000111304209368,0.000111304222686,-1.3318267821e-11
1.60333333333,-0.243248694949,-0.0124081350797,0.000120594931028,0.000120594931935,-9.06774709573e-13
1.60333333333,-0.233230562492,-0.0118776812888,0.000130462234052,0.000130462233302,7.49710786074e-13
1.60333333333,-0.223212430035,-0.0113497463819,0.000140926950643,0.000140926947093,3.55050803211e-12
1.60333333333,-0.213194297578,-0.0108242072238,0.000152009715873,0.000152009724099,-8.22604793527e-12
1.60333333333,-0.203176165121,-0.0103009427524,0.000163730898514,0.000163730903239,-4.7252389447e-12
1.60333333333,-0.193158032664,-0.00977983386053,0.000176110528371,0.000176110525399,2.9714603987e-12
1.60333333333,-0.183139900207,-0.00926076328247,0.000189168220604,0.000189168219647,9.5688897344e-13
1.60333333333,-0.17312176775,-0.00874361548341,0.000202923097035,0.00020292310848,-1.14455368197e-11
1.60333333333,-0.163103635293,-0.00822827655213,0.000217393704288,0.000217393710329,-6.0404361092e-12
1.60333333333,-0.153085502837,-0.00771463409674,0.000232597928953,0.000232597937583,-8.62958733335e-12
1.60333333333,-0.14306737038,-0.00720257714313,0.000248552909329,0.000248552904701,4.62730857321e-12
1.60333333333,-0.133049237923,-0.00669199603594,0.000265274944188,0.0002652749398,4.3882780981e-12
1.60333333333,-0.123031105466,-0.00618278234193,0.000282779398784,0.000282779407519,-8.73579225451e-12
1.60333333333,-0.113012973009,-0.00567482875553,0.000301080607253,0.00030108060972,-2.46618470003e-12
1.60333333333,-0.102994840552,-0.00516802900634,0.000320191772219,0.000320191772112,1.07579147413e-13
1.60333333333,-0.092976708095,-0.00466227776851,0.00034012486147,0.000340124865138,-3.66810688811e-12
1.60333333333,-0.0829585756381,-0.00415747057172,0.000360890501463,0.000360890509896,-8.43294260377e-12
1.60333333333,-0.0729404431812,-0.00365350371365,0.000382497868188,0.000382497877765,-9.57681682437e-12
1.60333333333,-0.0629223107243,-0.00315027417389,0.000404954574778,0.000404954571829,2.94809901318e-12
1.60333333333,-0.0529041782674,-0.00264767952885,0.000428266557356,0.000428266572309,-1.49524885746e-11
1.60333333333,-0.0428860458105,-0.00214561786788,0.000452437956939,0.000452437964666,-7.72686791937e-12
1.60333333333,-0.0328679133536,-0.00164398771014,0.000477471000138,0.000477471013861,-1.37227131243e-11
1.60333333333,-0.0228497808966,-0.0011426879223,0.000503365876836,0.000503365877511,-6.7443565923e-13
1.60333333333,-0.0128316484397,-0.000641617636745,0.000530120616241,0.000530120633044,-1.68026589821e-11
1.60333333333,-0.00281351598282,-0.000140676170333,0.000557730960569,0.000557730965154,-4.58544411209e-12
1.60333333333,0.00720461647409,0.000360237056607,0.000586190237778,0.000586190247944,-1.01662166099e-11
1.60333333333,0.017222748931,0.000861222601068,0.000615489232367,0.000615489225955,6.41258530651e-12
1.60333333333,0.0272408813879,0.00136238107812,0.00064561605569,0.000645616068503,-1.28121086873e-11
1.60333333333,0.0372590138448,0.00186381324178,0.00067655601533,0.000676556021485,-6.15536072633e-12
1.60333333333,0.0472771463017,0.00236562006609,0.00070829148453,0.000708291488311,-3.780904409e-12
1.60333333333,0.0572952787587,0.00286790282662,0.000740801771901,0.000740801781379,-9.47816770815e-12
1.60333333333,0.0673134112156,0.00337076318243,0.000774062991617,0.000774062996221,-4.60447186022e-12
1.60333333333,0.0773315436725,0.0038743032587,0.00080804793549,0.000808047943267,-7.77634369658e-12
1.60333333333,0.0873496761294,0.00437862573024,0.000842725946804,0.000842725963116,-1.63121492225e-11
1.60333333333,0.0973678085863,0.00488383390582,0.00087806279683,0.000878062798687,-1.85712469708e-12
1.60333333333,0.107385941043,0.0053900318137,0.000914020565042,0.000914020571306,-6.26399594087e-12
1.60333333333,0.1174040735,0.00589732428833,0.000950557523778,0.000950557535871,-1.20923826508e-11
1.60333333333,0.127422205957,0.00640581705854,0.000987628027771,0.000987628028566,-7.95041549956e-13
1.60333333333,0.137440338414,0.00691561683719,0.00102518241041,0.00102518242274,-1.23283928639e-11
1.60333333333,0.147458470871,0.00742683141263,0.00106316688741,0.00106316689564,-8.23237029761e-12
1.60333333333,0.157476603328,0.00793956974201,0.0011015234687,0.0011015234894,-2.06985817375e-11
1.60333333333,0.167494735785,0.0084539420467,0.00114018988061,0.00114018989015,-9.53607874089e-12
1.60333333333,0.177512868242,0.0089700599099,0.001179099499,0.00117909950085,-1.84943184899e-12
1.60333333333,0.187531000699,0.0094880363768,0.00121818129548,0.00121818130362,-8.14038224849e-12
1.60333333333,0.197549133155,0.0100079860572,0.00125735979745,0.00125735981252,-1.50665430652e-11
1.60333333333,0.207567265612,0.0105300252314,0.00129655506455,0.00129655506908,-4.52587468371e-12
1.60333333333,0.217585398069,0.0110542719582,0.00133568268285,0.00133568268726,-4.41221191527e-12
1.60333333333,0.227603530526,0.0115808461875,0.00137465377836,0.00137465378597,-7.60667223654e-12
1.60333333333,0.237621662983,0.0121098698755,0.00141337505279,0.0014133750616,-8.80633565202e-12
1.60333333333,0.24763979544,0.0126414671037,0.00145174884248,0.00145174885367,-1.11907638104e-11
1.60333333333,0.257657927897,0.0131757642024,0.00148967320378,0.00148967321308,-9.30023918121e-12
1.60333333333,0.267676060354,0.0137128898779,0.00152704202627,0.00152704203394,-7.67125165474e-12
1.60333333333,0.277694192811,0.0142529753449,0.00156374517671,0.00156374518487,-8.1618891333e-12
1.60333333333,0.287712325268,0.0147961544633,0.00159966867606,0.0015996686855,-9.43736365097e-12
1.60333333333,0.297730457725,0.0153425638804,0.00163469491193,0.00163469492341,-1.14847228949e-11
1.60333333333,0.307748590181,0.0158923431784,0.00166870288867,0.00166870289166,-2.98720293293e-12
1.60333333333,0.317766722638,0.0164456350284,0.00170156851853,0.00170156852361,-5.07160654618e-12
1.60333333333,0.327784855095,0.0170025853497,0.00173316495514,0.00173316495541,-2.69259441132e-13
1.60333333333,0.337802987552,0.0175633434769,0.00176336297313,0.00176336298025,-7.12076686678e-12
1.60333333333,0.347821120009,0.0181280623329,0.00179203139486,0.00179203139401,8.44194505967e-13
1.60333333333,0.357839252466,0.0186968986103,0.00181903756772,0.00181903757055,-2.83089740885e-12
1.60333333333,0.367857384923,0.0192700129608,0.00184424789356,0.00184424788721,6.34405353771e-12
1.60333333333,0.37787551738,0.0198475701924,0.00186752841183,0.00186752841654,-4.71228590003e-12
1.60333333333,0.387893649837,0.0204297394763,0.0018887454389,0.00188874545052,-1.16153445369e-11
1.60333333333,0.397911782294,0.0210166945635,0.00190776626392,0.00190776626048,3.44484033313e-12
1.60333333333,0.407929914751,0.0216086140109,0.00192445990253,0.0019244598954,7.12524375439e-12
1.60333333333,0.417948047208,0.0222056814195,0.00193869790895,0.00193869790611,2.83094468007e-12
1.60333333333,0.427966179664,0.022808085683,0.00195035524553,0.00195035523987,5.66512418573e-12
1.60333333333,0.437984312121,0.0234160212496,0.00195931120972,0.00195931120326,6.45573048144e-12
1.60333333333,0.448002444578,0.0240296883965,0.001965450416,0.00196545042025,-4.25666273063e-12
1.60333333333,0.458020577035,0.0246492935189,0.00196866383086,0.00196866383051,3.46015750774e-13
1.60333333333,0.468038709492,0.0252750494334,0.00196884985643,0.00196884985615,2.77655502756e-13
1.60333333333,0.478056841949,0.0259071756975,0.00196591545897,0.00196591545201,6.95753784447e-12
1.60333333333,0.488074974406,0.0265458989466,0.00195977733569,0.00195977733712,-1.42576445442e-12
1.60333333333,0.498093106863,0.0271914532482,0.00195036311264,0.00195036311494,-2.29340591656e-12
1.60333333333,0.50811123932,0.0278440804762,0.00193761256491,0.00193761255405,1.08617854294e-11
1.60333333333,0.518129371777,0.0285040307055,0.00192147884898,0.00192147884206,6.92650667725e-12
1.60333333333,0.528147504234,0.0291715626291,0.00190192973475,0.00190192972932,5.42992777477e-12
1.60333333333,0.53816563669,0.0298469439978,0.00187894882351,0.00187894880162,2.18935338608e-11
1.60333333333,0.548183769147,0.0305304520865,0.00185253673617,0.00185253673893,-2.76674950311e-12
1.60333333333,0.558201901604,0.0312223741863,0.00182271225391,0.00182271222101,3.28940182384e-11
1.60333333333,0.568220034061,0.0319230081263,0.00178951339184,0.00178951337383,1.80117518123e-11
1.60333333333,0.578238166518,0.0326326628259,0.00175299838437,0.00175299837136,1.30083010336e-11
1.60333333333,0.588256298975,0.0333516588807,0.00171324655789,0.0017132465459,1.19826787381e-11
1.60333333333,0.598274431432,0.0340803291834,0.0016703590678,0.00167035905434,1.34591912268e-11
1.60333333333,0.608292563889,0.034819019584,0.00162445947215,0.00162445947406,-1.91099718515e-12
1.60333333333,0.618310696346,0.0355680895896,0.0015756941138,0.00157569409526,1.8540438065e-11
1.60333333333,0.628328828803,0.0363279131098,0.00152423228518,0.001524232274,1.11749685026e-11
1.60333333333,0.63834696126,0.0370988792486,0.00147026614477,0.00147026612349,2.12780906176e-11
1.60333333333,0.648365093716,0.0378813931477,0.001414010358,0.00141401035043,7.57101651337e-12
1.60333333333,0.658383226173,0.038675876885,0.00135570143629,0.0013557014127,2.35813269953e-11
1.60333333333,0.66840135863,0.0394827704322,0.00129559674766,0.00129559674993,-2.27030698928e-12
1.60333333333,0.678419491087,0.0403025326764,0.00123397317822,0.00123397315626,2.19641650787e-11
1.60333333333,0.688437623544,0.0411356425112,0.00117112542469,0.001171125414,1.06958931729e-11
1.60333333333,0.698455756001,0.041982600002,0.00110736390634,0.00110736389747,8.87003621594e-12
1.60333333333,0.708473888458,0.0428439276322,0.00104301228925,0.00104301227252,1.67239898145e-11
1.60333333333,0.718492020915,0.0437201716373,0.000978404624055,0.000978404609879,1.41759863397e-11
1.60333333333,0.728510153372,0.0446119034331,0.000913882108391,0.000913882085803,2.25885165607e-11
1.60333333333,0.738528285829,0.0455197211468,0.000849789494051,0.000849789492628,1.42218398516e-12
1.60333333333,0.748546418286,0.0464442512598,0.000786471173603,0.000786471162051,1.15518391294e-11
1.60333333333,0.758564550743,0.0473861503717,0.000724266990548,0.000724266979233,1.1315668888e-11
1.60333333333,0.768582683199,0.0483461070955,0.000663507833606,0.000663507847914,-1.4307840069e-11
1.60333333333,0.778600815656,0.049324844097,0.000604511088964,0.000604511092158,-3.19424087875e-12
1.60333333333,0.788618948113,0.0503231202898,0.000547576037291,0.000547576043688,-6.39765562575e-12
1.60333333333,0.79863708057,0.051341733201,0.000492979297592,0.000492979308789,-1.119675728e-11
1.60333333333,0.808655213027,0.0523815215234,0.000440970431351,0.000440970444005,-1.26539419134e-11
1.60333333333,0.818673345484,0.053443367871,0.000391767828525,0.000391767843404,-1.48787668384e-11
1.60333333333,0.828691477941,0.0545282017572,0.000345555006484,0.000345555014912,-8.42838797886e-12
1.60333333333,0.838709610398,0.0556370028172,0.000302477452946,0.000302477450337,2.60857654921e-12
1.60333333333,0.848727742855,0.0567708042987,0.000262640144355,0.000262640149425,-5.0697800992e-12
1.60333333333,0.858745875312,0.0579306968464,0.000226105858481,0.000226105856684,1.79707615976e-12
1.60333333333,0.868764007769,0.0591178326101,0.000192894389489,0.000192894401043,-1.15538206173e-11
1.60333333333,0.878782140225,0.0603334297102,0.000162982749935,0.000162982760344,-1.04092190596e-11
1.60333333333,0.888800272682,0.0615787770949,0.00013630641213,0.000136306419925,-7.79514040122e-12
1.60333333333,0.898818405139,0.062855239833,0.000112761610049,0.000112761639953,-2.99033532311e-11
1.60333333333,0.908836537596,0.0641642648861,9.22086769439e-05,9.22086958803e-05,-1.89363435956e-11
1.60333333333,0.918854670053,0.0655073874131,7.44763477278e-05,7.44763543271e-05,-6.59925261139e-12
1.60333333333,0.92887280251,0.0668862376641,5.93669122195e-05,5.93669279662e-05,-1.57467227192e-11
1.60333333333,0.938890934967,0.0683025485305,4.66620457551e-05,4.66620364157e-05,9.33942007932e-12
1.60333333333,0.948909067424,0.0697581638243,3.61291152551e-05,3.61291238372e-05,-8.58214519416e-12
1.60333333333,0.958927199881,0.0712550473698,2.75277110828e-05,2.75277167171e-05,-5.63422420698e-12
1.60333333333,0.968945332338,0.0727952930038,2.06161397676e-05,2.06161433275e-05,-3.55998498909e-12
1.60333333333,0.978963464795,0.074381135591,1.51575990648e-05,1.51576077707e-05,-8.70589104279e-12
1.60333333333,0.988981597252,0.0760149631763,1.09257697334e-05,1.0925781321e-05,-1.15876165e-11
1.60333333333,0.998999729708,0.0776993304159,7.70958727414e-06,7.70960116375e-06,-1.38896066957e-11
1.60333333333,1.00901786217,0.079436973443,5.31700100614e-06,5.31701186575e-06,-1.08596050988e-11
1.60333333333,1.01903599462,0.0812308263549,3.57759696867e-06,3.57759553232e-06,1.43635515808e-12
1.60333333333,1.02905412708,0.0830840395274,2.34403205179e-06,2.34403714988e-06,-5.09809187053e-12
1.60333333333,1.03907225954,0.085,1.49230891533e-06,1.4923029406e-06,5.97472809075e-12
1.70222222222,-0.463647609001,-0.025,1.73864647122e-05,1.73864629254e-05,1.7867821243e-12
1.70222222222,-0.453629476544,-0.0243769666932,1.95326230895e-05,1.95326342829e-05,-1.11933820164e-11
1.70222222222,-0.443611344087,-0.0237599900872,2.18873829778e-05,2.18873897031e-05,-6.72529259116e-12
1.70222222222,-0.43359321163,-0.0231488602184,2.44650382207e-05,2.44650418758e-05,-3.65518461445e-12
1.70222222222,-0.423575079173,-0.0225433734096,2.72803580447e-05,2.72803556821e-05,2.36264000443e-12
1.70222222222,-0.413556946716,-0.0219433319732,3.03485700969e-05,3.03485671954e-05,2.90146412349e-12
1.70222222222,-0.403538814259,-0.0213485439287,3.36853398639e-05,3.36853346657e-05,5.19816550644e-12
1.70222222222,-0.393520681802,-0.0207588227338,3.73067495323e-05,3.73067466879e-05,2.84443068464e-12
1.70222222222,-0.383502549346,-0.0201739870282,4.12292735694e-05,4.1229276701e-05,-3.13155121138e-12
1.70222222222,-0.373484416889,-0.0195938603902,4.54697523248e-05,4.54697467597e-05,5.56509866808e-12
1.70222222222,-0.363466284432,-0.0190182711034,5.00453641944e-05,5.00453767309e-05,-1.25364739816e-11
1.70222222222,-0.353448151975,-0.0184470519352,5.49735947345e-05,5.49735905278e-05,4.2066968466e-12
1.70222222222,-0.343430019518,-0.0178800399241,6.02722041872e-05,6.02722162345e-05,-1.20472898693e-11
1.70222222222,-0.333411887061,-0.0173170761779,6.59591926786e-05,6.59591965283e-05,-3.84973015922e-12
1.70222222222,-0.323393754604,-0.0167580056787,7.2052763486e-05,7.20527597394e-05,3.74662140776e-12
1.70222222222,-0.313375622147,-0.0162026770985,7.85712840227e-05,7.85712845874e-05,-5.64639968895e-13
1.70222222222,-0.30335748969,-0.0156509426205,8.55332445463e-05,8.55332464951e-05,-1.94878465307e-12
1.70222222222,-0.293339357233,-0.0151026577694,9.29572152e-05,9.2957229613e-05,-1.44129357293e-11
1.70222222222,-0.283321224776,-0.0145576812471,0.000100861800609,0.000100861819088,-1.84796926974e-11
1.70222222222,-0.273303092319,-0.0140158747764,0.000109265592323,0.000109265595637,-3.31473765808e-12
1.70222222222,-0.263284959863,-0.0134771029497,0.000118187119544,0.000118187130077,-1.05332673465e-11
1.70222222222,-0.253266827406,-0.0129412330837,0.000127644797092,0.00012764479068,6.41230214001e-12
1.70222222222,-0.243248694949,-0.0124081350797,0.000137656871773,0.000137656874619,-2.84595654335e-12
1.70222222222,-0.233230562492,-0.0118776812888,0.000148241366403,0.000148241371925,-5.52121575455e-12
1.70222222222,-0.223212430035,-0.0113497463819,0.000159416021794,0.000159416023783,-1.98917030308e-12
1.70222222222,-0.213194297578,-0.0108242072238,0.000171198236403,0.000171198235369,1.03429610254e-12
1.70222222222,-0.203176165121,-0.0103009427524,0.000183605003785,0.000183605000586,3.1996591791e-12
1.70222222222,-0.193158032664,-0.00977983386053,0.000196652848393,0.000196652856059,-7.66544214713e-12
1.70222222222,-0.183139900207,-0.00926076328247,0.000210357758426,0.000210357770523,-1.20968319725e-11
1.70222222222,-0.17312176775,-0.00874361548341,0.000224735117185,0.000224735119095,-1.91039859713e-12
1.70222222222,-0.163103635293,-0.00822827655213,0.000239799631742,0.00023979963321,-1.46804709231e-12
1.70222222222,-0.153085502837,-0.00771463409674,0.000255565259851,0.000255565261497,-1.64598147395e-12
1.70222222222,-0.14306737038,-0.00720257714313,0.0002720451342,0.000272045147212,-1.30122498605e-11
1.70222222222,-0.133049237923,-0.00669199603594,0.000289251485114,0.000289251488002,-2.88754740604e-12
1.70222222222,-0.123031105466,-0.00618278234193,0.00030719556032,0.000307195573379,-1.30590822986e-11
1.70222222222,-0.113012973009,-0.00567482875553,0.000325887543388,0.000325887543789,-4.01855903154e-13
1.70222222222,-0.102994840552,-0.00516802900634,0.000345336469379,0.000345336472996,-3.61708829121e-12
1.70222222222,-0.092976708095,-0.00466227776851,0.000365550138735,0.00036555014652,-7.78493296303e-12
1.70222222222,-0.0829585756381,-0.00415747057172,0.00038653502924,0.000386535029707,-4.66389893285e-13
1.70222222222,-0.0729404431812,-0.00365350371365,0.000408296205734,0.000408296206913,-1.17880819038e-12
1.70222222222,-0.0629223107243,-0.00315027417389,0.000430837227929,0.000430837234365,-6.43605470568e-12
1.70222222222,-0.0529041782674,-0.00264767952885,0.000454160056658,0.000454160058062,-1.40305193679e-12
1.70222222222,-0.0428860458105,-0.00214561786788,0.000478264958166,0.000478264958357,-1.90367686892e-13
1.70222222222,-0.0328679133536,-0.00164398771014,0.000503150406695,0.000503150417781,-1.10860878854e-11
1.70222222222,-0.0228497808966,-0.0011426879223,0.000528812986026,0.000528812995145,-9.11831124929e-12
1.70222222222,-0.0128316484397,-0.000641617636745,0.000555247288924,0.000555247308377,-1.94531680261e-11
1.70222222222,-0.00281351598282,-0.000140676170333,0.000582445816365,0.000582445840168,-2.38033324605e-11
1.70222222222,0.00720461647409,0.000360237056607,0.000610398874978,0.000610398882958,-7.98040127904e-12
1.70222222222,0.017222748931,0.000861222601068,0.000639094474377,0.000639094475028,-6.50814797019e-13
1.70222222222,0.0272408813879,0.00136238107812,0.000668518223522,0.000668518234996,-1.1473833602e-11
1.70222222222,0.0372590138448,0.00186381324178,0.000698653227606,0.000698653251295,-2.36893369504e-11
1.70222222222,0.0472771463017,0.00236562006609,0.000729479984365,0.000729479990434,-6.06870434981e-12
1.70222222222,0.0572952787587,0.00286790282662,0.000760976281329,0.000760976289932,-8.6032591641e-12
1.70222222222,0.0673134112156,0.00337076318243,0.000793117094205,0.00079311710904,-1.48354209776e-11
1.70222222222,0.0773315436725,0.0038743032587,0.000825874486351,0.000825874498524,-1.21732986105e-11
1.70222222222,0.0873496761294,0.00437862573024,0.000859217510266,0.000859217523072,-1.28068403321e-11
1.70222222222,0.0973678085863,0.00488383390582,0.000893112111775,0.000893112124692,-1.29172569993e-11
1.70222222222,0.107385941043,0.0053900318137,0.000927521037041,0.000927521043772,-6.73119665475e-12
1.70222222222,0.1174040735,0.00589732428833,0.000962403743669,0.00096240375559,-1.19209098972e-11
1.70222222222,0.127422205957,0.00640581705854,0.00099771631578,0.000997716320697,-4.91674756464e-12
1.70222222222,0.137440338414,0.00691561683719,0.00103341138529,0.00103341138834,-3.04998647865e-12
1.70222222222,0.147458470871,0.00742683141263,0.00106943805842,0.00106943806542,-6.99612459978e-12
1.70222222222,0.157476603328,0.00793956974201,0.00110574185009,0.00110574185938,-9.29030485354e-12
1.70222222222,0.167494735785,0.0084539420467,0.00114226462595,0.00114226462235,3.59755172701e-12
1.70222222222,0.177512868242,0.0089700599099,0.00117894455394,0.00117894454627,7.67686608727e-12
1.70222222222,0.187531000699,0.0094880363768,0.00121571606625,0.00121571608245,-1.61979988884e-11
1.70222222222,0.197549133155,0.0100079860572,0.00125250983276,0.00125250984879,-1.60280369706e-11
1.70222222222,0.207567265612,0.0105300252314,0.00128925274769,0.00128925275535,-7.66477744989e-12
1.70222222222,0.217585398069,0.0110542719582,0.00132586793073,0.00132586793861,-7.87503265723e-12
1.70222222222,0.227603530526,0.0115808461875,0.0013622747439,0.00136227475057,-6.67792557363e-12
1.70222222222,0.237621662983,0.0121098698755,0.00139838882612,0.00139838884095,-1.48304064342e-11
1.70222222222,0.24763979544,0.0126414671037,0.00143412214711,0.00143412214796,-8.45043653108e-13
1.70222222222,0.257657927897,0.0131757642024,0.00146938308223,0.00146938308893,-6.70136147095e-12
1.70222222222,0.267676060354,0.0137128898779,0.0015040765099,0.00150407651488,-4.97861062272e-12
1.70222222222,0.277694192811,0.0142529753449,0.00153810393431,0.00153810393903,-4.72167790977e-12
1.70222222222,0.287712325268,0.0147961544633,0.00157136363425,0.00157136364301,-8.75936649603e-12
1.70222222222,0.297730457725,0.0153425638804,0.00160375084129,0.00160375084155,-2.55272148905e-13
1.70222222222,0.307748590181,0.0158923431784,0.00163515794834,0.00163515795419,-5.84654980679e-12
1.70222222222,0.317766722638,0.0164456350284,0.00166547475123,0.00166547475226,-1.02886796305e-12
1.70222222222,0.327784855095,0.0170025853497,0.00169458872551,0.00169458873471,-9.19815439093e-12
1.70222222222,0.337802987552,0.0175633434769,0.00172238534001,0.00172238533979,2.1961685942e-13
1.70222222222,0.347821120009,0.0181280623329,0.0017487484099,0.00174874840661,3.28959125565e-12
1.70222222222,0.357839252466,0.0186968986103,0.0017735604903,0.00177356049263,-2.33276115438e-12
1.70222222222,0.367857384923,0.0192700129608,0.00179670331377,0.00179670331123,2.53909632035e-12
1.70222222222,0.37787551738,0.0198475701924,0.00181805827148,0.00181805828002,-8.54275157558e-12
1.70222222222,0.387893649837,0.0204297394763,0.00183750694145,0.00183750693533,6.12202259373e-12
1.70222222222,0.397911782294,0.0210166945635,0.00185493166376,0.00185493166918,-5.42313980181e-12
1.70222222222,0.407929914751,0.0216086140109,0.00187021616471,0.00187021615983,4.8869931539e-12
1.70222222222,0.417948047208,0.0222056814195,0.00188324623,0.00188324623084,-8.40876630478e-13
1.70222222222,0.427966179664,0.022808085683,0.00189391042718,0.00189391042894,-1.75650856707e-12
1.70222222222,0.437984312121,0.0234160212496,0.00190210087764,0.00190210088143,-3.79688121221e-12
1.70222222222,0.448002444578,0.0240296883965,0.00190771407655,0.00190771408547,-8.92017666329e-12
1.70222222222,0.458020577035,0.0246492935189,0.00191065175962,0.00191065176081,-1.1876133757e-12
1.70222222222,0.468038709492,0.0252750494334,0.00191082181444,0.00191082181308,1.36199341735e-12
1.70222222222,0.478056841949,0.0259071756975,0.00190813923306,0.00190813922843,4.63259660667e-12
1.70222222222,0.488074974406,0.0265458989466,0.00190252710173,0.00190252710134,3.87668196156e-13
1.70222222222,0.498093106863,0.0271914532482,0.0018939176228,0.00189391763772,-1.49156414216e-11
1.70222222222,0.50811123932,0.0278440804762,0.00188225316191,0.00188225314508,1.68301388451e-11
1.70222222222,0.518129371777,0.0285040307055,0.00186748731364,0.00186748731199,1.65285406889e-12
1.70222222222,0.528147504234,0.0291715626291,0.00184958597573,0.00184958596954,6.1948723061e-12
1.70222222222,0.53816563669,0.0298469439978,0.00182852842194,0.00182852840721,1.47270678725e-11
1.70222222222,0.548183769147,0.0305304520865,0.00180430836109,0.00180430835978,1.30410916441e-12
1.70222222222,0.558201901604,0.0312223741863,0.00177693496899,0.00177693495279,1.62078410589e-11
1.70222222222,0.568220034061,0.0319230081263,0.00174643387751,0.0017464338608,1.67176073332e-11
1.70222222222,0.578238166518,0.0326326628259,0.00171284810384,0.00171284809749,6.34904563819e-12
1.70222222222,0.588256298975,0.0333516588807,0.00167623890105,0.00167623888538,1.56720832058e-11
1.70222222222,0.598274431432,0.0340803291834,0.00163668651031,0.00163668649308,1.72377218836e-11
1.70222222222,0.608292563889,0.034819019584,0.00159429079164,0.0015942908002,-8.56044900764e-12
1.70222222222,0.618310696346,0.0355680895896,0.00154917171112,0.00154917171009,1.0263584687e-12
1.70222222222,0.628328828803,0.0363279131098,0.00150146966006,0.00150146966419,-4.12485193571e-12
1.70222222222,0.63834696126,0.0370988792486,0.00145134558014,0.00145134556929,1.08515405862e-11
1.70222222222,0.648365093716,0.0378813931477,0.00139898087129,0.00139898087049,8.0101246816e-13
1.70222222222,0.658383226173,0.038675876885,0.00134457705456,0.00134457703939,1.51626608404e-11
1.70222222222,0.66840135863,0.0394827704322,0.00128835516776,0.00128835515901,8.748576516e-12
1.70222222222,0.678419491087,0.0403025326764,0.00123055486981,0.00123055484789,2.19163222726e-11
1.70222222222,0.688437623544,0.0411356425112,0.00117143323368,0.00117143321282,2.08608416999e-11
1.70222222222,0.698455756001,0.041982600002,0.00111126321159,0.00111126321156,2.55596325355e-14
1.70222222222,0.708473888458,0.0428439276322,0.00105033175837,0.00105033174691,1.14638587251e-11
1.70222222222,0.718492020915,0.0437201716373,0.000988937607152,0.000988937600144,7.00757117264e-12
1.70222222222,0.728510153372,0.0446119034331,0.000927388697017,0.000927388682069,1.49478925331e-11
1.70222222222,0.738528285829,0.0455197211468,0.000865999259594,0.000865999245725,1.38696218139e-11
1.70222222222,0.748546418286,0.0464442512598,0.000805086582817,0.000805086558488,2.43289611547e-11
1.70222222222,0.758564550743,0.0473861503717,0.000744967478747,0.000744967469724,9.02262639602e-12
1.70222222222,0.768582683199,0.0483461070955,0.000685954495427,0.000685954495808,-3.80815604745e-13
1.70222222222,0.778600815656,0.049324844097,0.000628351922924,0.000628351911969,1.09549151434e-11
1.70222222222,0.788618948113,0.0503231202898,0.000572451660727,0.000572451674427,-1.36999931798e-11
1.70222222222,0.79863708057,0.051341733201,0.000518529021179,0.000518529035543,-1.436433264e-11
1.70222222222,0.808655213027,0.0523815215234,0.000466838560587,0.000466838579264,-1.8677371932e-11
1.70222222222,0.818673345484,0.053443367871,0.00041761004016,0.000417610057293,-1.71329933747e-11
1.70222222222,0.828691477941,0.0545282017572,0.00037104462676,0.00037104463318,-6.42055896297e-12
1.70222222222,0.838709610398,0.0556370028172,0.000327311453427,0.000327311460254,-6.82694699383e-12
1.70222222222,0.848727742855,0.0567708042987,0.000286544659528,0.000286544682969,-2.34413985618e-11
1.70222222222,0.858745875312,0.0579306968464,0.000248841034861,0.000248841049276,-1.44151344507e-11
1.70222222222,0.868764007769,0.0591178326101,0.000214258378123,0.000214258367485,1.06378315445e-11
1.70222222222,0.878782140225,0.0603334297102,0.000182814676453,0.000182814687237,-1.07842680099e-11
1.70222222222,0.888800272682,0.0615787770949,0.000154488184745,0.000154488191231,-6.48607664973e-12
1.70222222222,0.898818405139,0.062855239833,0.000129218467038,0.000129218485301,-1.82631856686e-11
1.70222222222,0.908836537596,0.0641642648861,0.000106908419617,0.000106908428621,-9.00445581813e-12
1.70222222222,0.918854670053,0.0655073874131,8.74272682028e-05,8.742727932e-05,-1.11172212929e-11
1.70222222222,0.92887280251,0.0668862376641,7.0614476072e-05,7.0614496511e-05,-2.04389755988e-11
1.70222222222,0.938890934967,0.0683025485305,5.62844679197e-05,5.62844582638e-05,9.65593815842e-12
1.70222222222,0.948909067424,0.0697581638243,4.42320158278e-05,4.42320346679e-05,-1.88400412892e-11
1.70222222222,0.958927199881,0.0712550473698,3.42381006879e-05,3.42381052436e-05,-4.55564470696e-12
1.70222222222,0.968945332338,0.0727952930038,2.60760230075e-05,2.60760304348e-05,-7.42731895952e-12
1.70222222222,0.978963464795,0.074381135591,1.95175110795e-05,1.95175247599e-05,-1.36803608806e-11
1.70222222222,0.988981597252,0.0760149631763,1.43385678331e-05,1.43385815791e-05,-1.3746076109e-11
1.70222222222,0.998999729708,0.0776993304159,1.03247965733e-05,1.03248025823e-05,-6.00902617595e-12
1.70222222222,1.00901786217,0.079436973443,7.2759788472e-06,7.27598861477e-06,-9.76756674674e-12
1.70222222222,1.01903599462,0.0812308263549,5.00971070183e-06,5.00971387332e-06,-3.17148455935e-12
1.70222222222,1.02905412708,0.0830840395274,3.3639727115e-06,3.3639797025e-06,-6.99100369608e-12
1.70222222222,1.03907225954,0.085,2.19856938211e-06,2.19856742436e-06,1.9577473323e-12
1.80111111111,-0.463647609001,-0.025,2.18782649544e-05,2.18782667441e-05,-1.78971623627e-12
1.80111111111,-0.453629476544,-0.0243769666932,2.44223127396e-05,2.44223144453e-05,-1.70573880812e-12
1.80111111111,-0.443611344087,-0.0237599900872,2.71960576021e-05,2.71960658038e-05,-8.20168774543e-12
1.80111111111,-0.43359321163,-0.0231488602184,3.02136555084e-05,3.02136581359e-05,-2.62747621241e-12
1.80111111111,-0.423575079173,-0.0225433734096,3.34896211866e-05,3.34896317532e-05,-1.05665404269e-11
1.80111111111,-0.413556946716,-0.0219433319732,3.70388061126e-05,3.70388106826e-05,-4.56997911329e-12
1.80111111111,-0.403538814259,-0.0213485439287,4.08763738396e-05,4.08763773254e-05,-3.48579579914e-12
1.80111111111,-0.393520681802,-0.0207588227338,4.50177749142e-05,4.50177764442e-05,-1.52996032184e-12
1.80111111111,-0.383502549346,-0.0201739870282,4.94787184651e-05,4.94787242877e-05,-5.82261723645e-12
1.80111111111,-0.373484416889,-0.0195938603902,5.42751439668e-05,5.4275139374e-05,4.59284150832e-12
1.80111111111,-0.363466284432,-0.0190182711034,5.94231899743e-05,5.94231796028e-05,1.03715269202e-11
1.80111111111,-0.353448151975,-0.0184470519352,6.49391618534e-05,6.49391621824e-05,-3.29065320457e-13
1.80111111111,-0.343430019518,-0.0178800399241,7.0839498203e-05,7.08394908843e-05,7.31867996382e-12
1.80111111111,-0.333411887061,-0.0173170761779,7.7140735234e-05,7.71407478886e-05,-1.26546040763e-11
1.80111111111,-0.323393754604,-0.0167580056787,8.38594697893e-05,8.38594665919e-05,3.1973660373e-12
1.80111111111,-0.313375622147,-0.0162026770985,9.10123211224e-05,9.10123237959e-05,-2.67342894242e-12
1.80111111111,-0.30335748969,-0.0156509426205,9.86158906998e-05,9.86158885395e-05,2.16031270021e-12
1.80111111111,-0.293339357233,-0.0151026577694,0.000106686721118,0.000106686723021,-1.90384653301e-12
1.80111111111,-0.283321224776,-0.0145576812471,0.000115241252681,0.000115241267593,-1.49122232981e-11
1.80111111111,-0.273303092319,-0.0140158747764,0.000124295779565,0.000124295785539,-5.97345729738e-12
1.80111111111,-0.263284959863,-0.0134771029497,0.000133866403549,0.000133866407597,-4.04794706327e-12
1.80111111111,-0.253266827406,-0.0129412330837,0.000143968986888,0.000143968980739,6.14922668991e-12
1.80111111111,-0.243248694949,-0.0124081350797,0.000154619103267,0.000154619104873,-1.60605507843e-12
1.80111111111,-0.233230562492,-0.0118776812888,0.000165831987795,0.000165832000992,-1.31978056142e-11
1.80111111111,-0.223212430035,-0.0113497463819,0.000177622484999,0.000177622491182,-6.18253338065e-12
1.80111111111,-0.213194297578,-0.0108242072238,0.000190004995587,0.000190005002399,-6.8124158929e-12
1.80111111111,-0.203176165121,-0.0103009427524,0.000202993421549,0.000202993431269,-9.72041593267e-12
1.80111111111,-0.193158032664,-0.00977983386053,0.000216601110136,0.000216601114999,-4.86267561048e-12
1.80111111111,-0.183139900207,-0.00926076328247,0.000230840795812,0.000230840791597,4.21569655812e-12
1.80111111111,-0.17312176775,-0.00874361548341,0.000245724540904,0.00024572456043,-1.9526590414e-11
1.80111111111,-0.163103635293,-0.00822827655213,0.00026126367495,0.000261263683505,-8.55475000734e-12
1.80111111111,-0.153085502837,-0.00771463409674,0.000277468732177,0.000277468737469,-5.2921881287e-12
1.80111111111,-0.14306737038,-0.00720257714313,0.000294349387588,0.000294349385645,1.94225402905e-12
1.80111111111,-0.133049237923,-0.00669199603594,0.000311914391527,0.000311914394568,-3.04158364077e-12
1.80111111111,-0.123031105466,-0.00618278234193,0.000330171502981,0.000330171506557,-3.57606332784e-12
1.80111111111,-0.113012973009,-0.00567482875553,0.000349127420589,0.0003491274194,1.18867410489e-12
1.80111111111,-0.102994840552,-0.00516802900634,0.00036878771331,0.000368787717022,-3.71165592835e-12
1.80111111111,-0.092976708095,-0.00466227776851,0.000389156748597,0.000389156754739,-6.14199544089e-12
1.80111111111,-0.0829585756381,-0.00415747057172,0.000410237619916,0.000410237631364,-1.14477959447e-11
1.80111111111,-0.0729404431812,-0.00365350371365,0.000432032072235,0.000432032080444,-8.20828566792e-12
1.80111111111,-0.0629223107243,-0.00315027417389,0.000454540426669,0.000454540433367,-6.69830971288e-12
1.80111111111,-0.0529041782674,-0.00264767952885,0.00047776150361,0.000477761505543,-1.9330126692e-12
1.80111111111,-0.0428860458105,-0.00214561786788,0.000501692544821,0.00050169254382,1.00098087371e-12
1.80111111111,-0.0328679133536,-0.00164398771014,0.000526329134239,0.000526329128711,5.52778233343e-12
1.80111111111,-0.0228497808966,-0.0011426879223,0.00055166511791,0.000551665125331,-7.42109769903e-12
1.80111111111,-0.0128316484397,-0.000641617636745,0.000577692522963,0.000577692538862,-1.58986044815e-11
1.80111111111,-0.00281351598282,-0.000140676170333,0.000604401476042,0.000604401478844,-2.80156507802e-12
1.80111111111,0.00720461647409,0.000360237056607,0.000631780120931,0.000631780117851,3.08014453786e-12
1.80111111111,0.017222748931,0.000861222601068,0.000659814535825,0.000659814549474,-1.36486974067e-11
1.80111111111,0.0272408813879,0.00136238107812,0.000688488650718,0.000688488657459,-6.74180242882e-12
1.80111111111,0.0372590138448,0.00186381324178,0.000717784164406,0.000717784174436,-1.00296988596e-11
1.80111111111,0.0472771463017,0.00236562006609,0.000747680462179,0.00074768047053,-8.35131833479e-12
1.80111111111,0.0572952787587,0.00286790282662,0.000778154533943,0.000778154539262,-5.31867778986e-12
1.80111111111,0.0673134112156,0.00337076318243,0.000809180893428,0.000809180903224,-9.79578386722e-12
1.80111111111,0.0773315436725,0.0038743032587,0.000840731498586,0.000840731497977,6.08854655061e-13
1.80111111111,0.0873496761294,0.00437862573024,0.000872775673885,0.000872775686935,-1.3049983945e-11
1.80111111111,0.0973678085863,0.00488383390582,0.000905280034607,0.000905280047832,-1.3224895571e-11
1.80111111111,0.107385941043,0.0053900318137,0.000938208413945,0.000938208416686,-2.74148705039e-12
1.80111111111,0.1174040735,0.00589732428833,0.000971521793318,0.000971521796308,-2.99029312596e-12
1.80111111111,0.127422205957,0.00640581705854,0.00100517823642,0.00100517824499,-8.57582559653e-12
1.80111111111,0.137440338414,0.00691561683719,0.00103913282771,0.0010391328334,-5.69230339947e-12
1.80111111111,0.147458470871,0.00742683141263,0.00107333761617,0.00107333762016,-3.98360923241e-12
1.80111111111,0.157476603328,0.00793956974201,0.00110774156503,0.00110774157236,-7.32617720829e-12
1.80111111111,0.167494735785,0.0084539420467,0.00114229050759,0.00114229050702,5.71768327129e-13
1.80111111111,0.177512868242,0.0089700599099,0.00117692711189,0.00117692711427,-2.38646775952e-12
1.80111111111,0.187531000699,0.0094880363768,0.00121159085256,0.00121159086098,-8.41663522731e-12
1.80111111111,0.197549133155,0.0100079860572,0.00124621799329,0.00124621800212,-8.82947339374e-12
1.80111111111,0.207567265612,0.0105300252314,0.0012807415794,0.00128074158229,-2.88910041724e-12
1.80111111111,0.217585398069,0.0110542719582,0.00131509144237,0.00131509143761,4.75983553787e-12
1.80111111111,0.227603530526,0.0115808461875,0.00134919421761,0.00134919421975,-2.1440752819e-12
1.80111111111,0.237621662983,0.0121098698755,0.00138297337642,0.00138297338467,-8.2551947049e-12
1.80111111111,0.24763979544,0.0126414671037,0.00141634927364,0.00141634928232,-8.67855939023e-12
1.80111111111,0.257657927897,0.0131757642024,0.00144923921257,0.00144923922308,-1.05128531748e-11
1.80111111111,0.267676060354,0.0137128898779,0.00148155752859,0.00148155753098,-2.39740497419e-12
1.80111111111,0.277694192811,0.0142529753449,0.00151321569327,0.0015132156964,-3.12918246002e-12
1.80111111111,0.287712325268,0.0147961544633,0.00154412243957,0.00154412244858,-9.00289912065e-12
1.80111111111,0.297730457725,0.0153425638804,0.00157418391196,0.00157418391137,5.93504412283e-13
1.80111111111,0.307748590181,0.0158923431784,0.00160330384059,0.00160330384431,-3.71326754067e-12
1.80111111111,0.317766722638,0.0164456350284,0.00163138374326,0.00163138375434,-1.10806583093e-11
1.80111111111,0.327784855095,0.0170025853497,0.00165832315634,0.00165832315335,2.98542549189e-12
1.80111111111,0.337802987552,0.0175633434769,0.00168401989562,0.00168401991506,-1.94363461957e-11
1.80111111111,0.347821120009,0.0181280623329,0.00170837035059,0.00170837034899,1.59704953255e-12
1.80111111111,0.357839252466,0.0186968986103,0.00173126981202,0.00173126982284,-1.08136869684e-11
1.80111111111,0.367857384923,0.0192700129608,0.00175261283607,0.00175261283777,-1.69549465613e-12
1.80111111111,0.37787551738,0.0198475701924,0.00177229364507,0.00177229364701,-1.93983305981e-12
1.80111111111,0.387893649837,0.0204297394763,0.00179020656804,0.00179020657643,-8.38714666294e-12
1.80111111111,0.397911782294,0.0210166945635,0.00180624652051,0.00180624651472,5.79170587357e-12
1.80111111111,0.407929914751,0.0216086140109,0.00182030952632,0.0018203095203,6.02100487523e-12
1.80111111111,0.417948047208,0.0222056814195,0.00183229328092,0.00183229326834,1.25847082321e-11
1.80111111111,0.427966179664,0.022808085683,0.00184209775758,0.00184209775421,3.36766031728e-12
1.80111111111,0.437984312121,0.0234160212496,0.00184962585609,0.00184962585691,-8.20966992304e-13
1.80111111111,0.448002444578,0.0240296883965,0.00185478409407,0.0018547840958,-1.72420194441e-12
1.80111111111,0.458020577035,0.0246492935189,0.00185748333976,0.00185748333921,5.4954586888e-13
1.80111111111,0.468038709492,0.0252750494334,0.00185763958509,0.00185763958668,-1.58655510604e-12
1.80111111111,0.478056841949,0.0259071756975,0.0018551747568,0.00185517475329,3.51266043162e-12
1.80111111111,0.488074974406,0.0265458989466,0.00185001756314,0.00185001756631,-3.1721010367e-12
1.80111111111,0.498093106863,0.0271914532482,0.00184210437206,0.00184210438378,-1.17221063585e-11
1.80111111111,0.50811123932,0.0278440804762,0.00183138011658,0.00183138010902,7.56218351827e-12
1.80111111111,0.518129371777,0.0285040307055,0.0018177992217,0.00181779921097,1.0734396011e-11
1.80111111111,0.528147504234,0.0291715626291,0.00180132654591,0.00180132654485,1.06031958387e-12
1.80111111111,0.53816563669,0.0298469439978,0.0017819383296,0.00178193831248,1.71167711081e-11
1.80111111111,0.548183769147,0.0305304520865,0.00175962314081,0.00175962314263,-1.82357145877e-12
1.80111111111,0.558201901604,0.0312223741863,0.00173438280775,0.00173438278984,1.79115203572e-11
1.80111111111,0.568220034061,0.0319230081263,0.00170623332619,0.0017062333098,1.63850560723e-11
1.80111111111,0.578238166518,0.0326326628259,0.00167520572754,0.00167520571825,9.28736016044e-12
1.80111111111,0.588256298975,0.0333516588807,0.0016413468934,0.00164134688077,1.26275134012e-11
1.80111111111,0.598274431432,0.0340803291834,0.00160472029883,0.00160472028088,1.79473521548e-11
1.80111111111,0.608292563889,0.034819019584,0.00156540666728,0.00156540666837,-1.09544990266e-12
1.80111111111,0.618310696346,0.0355680895896,0.00152350451678,0.00152350450432,1.2458056288e-11
1.80111111111,0.628328828803,0.0363279131098,0.00147913057746,0.00147913057393,3.5317844569e-12
1.80111111111,0.63834696126,0.0370988792486,0.00143242005844,0.00143242004797,1.04651311488e-11
1.80111111111,0.648365093716,0.0378813931477,0.00138352674109,0.00138352673458,6.51001735158e-12
1.80111111111,0.658383226173,0.038675876885,0.00133262287663,0.00133262284721,2.94234812296e-11
1.80111111111,0.66840135863,0.0394827704322,0.00127989886453,0.00127989886923,-4.69650924054e-12
1.80111111111,0.678419491087,0.0403025326764,0.00122556269057,0.00122556267858,1.19834751931e-11
1.80111111111,0.688437623544,0.0411356425112,0.00116983910156,0.00116983908363,1.79350625063e-11
1.80111111111,0.698455756001,0.041982600002,0.00111296850132,0.00111296849388,7.43871826116e-12
1.80111111111,0.708473888458,0.0428439276322,0.00105520554738,0.00105520553205,1.53359621009e-11
1.80111111111,0.718492020915,0.0437201716373,0.000996817440951,0.000996817431568,9.3828803234e-12
1.80111111111,0.728510153372,0.0446119034331,0.000938081898341,0.000938081889302,9.03897638162e-12
1.80111111111,0.738528285829,0.0455197211468,0.000879284806979,0.000879284790647,1.63317944238e-11
1.80111111111,0.748546418286,0.0464442512598,0.000820717567865,0.000820717558038,9.82733512622e-12
1.80111111111,0.758564550743,0.0473861503717,0.000762674142243,0.000762674137101,5.14192811593e-12
1.80111111111,0.768582683199,0.0483461070955,0.00070544782349,0.000705447838928,-1.54374963333e-11
1.80111111111,0.778600815656,0.049324844097,0.000649327770164,0.000649327768057,2.10684421298e-12
1.80111111111,0.788618948113,0.0503231202898,0.000594595346709,0.00059459535388,-7.17112632297e-12
1.80111111111,0.79863708057,0.051341733201,0.000541520326081,0.000541520340949,-1.48686544847e-11
1.80111111111,0.808655213027,0.0523815215234,0.000490357027691,0.000490357042893,-1.520247166e-11
1.80111111111,0.818673345484,0.053443367871,0.000441340471807,0.000441340488333,-1.65254123319e-11
1.80111111111,0.828691477941,0.0545282017572,0.000394682639626,0.00039468265458,-1.49540846286e-11
1.80111111111,0.838709610398,0.0556370028172,0.000350568946511,0.000350568943323,3.18818864538e-12
1.80111111111,0.848727742855,0.0567708042987,0.000309155035461,0.000309155051969,-1.65081956351e-11
1.80111111111,0.858745875312,0.0579306968464,0.00027056400162,0.000270564017355,-1.57347338284e-11
1.80111111111,0.868764007769,0.0591178326101,0.00023488416781,0.000234884153444,1.43657945782e-11
1.80111111111,0.878782140225,0.0603334297102,0.000202167513702,0.00020216753884,-2.51379576877e-11
1.80111111111,0.888800272682,0.0615787770949,0.000172428860912,0.000172428881914,-2.10019994017e-11
1.80111111111,0.898818405139,0.062855239833,0.000145645893401,0.000145645924371,-3.09695435529e-11
1.80111111111,0.908836537596,0.0641642648861,0.000121760071747,0.000121760084932,-1.31845786459e-11
1.80111111111,0.918854670053,0.0655073874131,0.000100678471809,0.000100678473123,-1.31326199915e-12
1.80111111111,0.92887280251,0.0668862376641,8.22765368336e-05,8.22765553518e-05,-1.85181952238e-11
1.80111111111,0.938890934967,0.0683025485305,6.64016991392e-05,6.64016863107e-05,1.28284889222e-11
1.80111111111,0.948909067424,0.0697581638243,5.28777788222e-05,5.28777893563e-05,-1.05340833712e-11
1.80111111111,0.958927199881,0.0712550473698,4.15100245843e-05,4.15100312323e-05,-6.64799487161e-12
1.80111111111,0.968945332338,0.0727952930038,3.2090621549e-05,3.20906292323e-05,-7.68337411923e-12
1.80111111111,0.978963464795,0.074381135591,2.44044548459e-05,2.4404466404e-05,-1.15581632806e-11
1.80111111111,0.988981597252,0.0760149631763,1.82348908195e-05,1.82349060263e-05,-1.5206756427e-11
1.80111111111,0.998999729708,0.0776993304159,1.33693285609e-05,1.33693408373e-05,-1.22764164286e-11
1.80111111111,1.00901786217,0.079436973443,9.60427154473e-06,9.6042947919e-06,-2.32471693805e-11
1.80111111111,1.01903599462,0.0812308263549,6.74970038195e-06,6.74969962864e-06,7.53304970486e-13
1.80111111111,1.02905412708,0.0830840395274,4.6325551728e-06,4.63255321478e-06,1.95802467122e-12
1.80111111111,1.03907225954,0.085,3.09920158981e-06,3.09920138929e-06,2.00519939195e-13
1.9,-0.463647609001,-0.025,2.6841385978e-05,2.68413827284e-05,3.24958939287e-12
1.9,-0.453629476544,-0.0243769666932,2.97914998958e-05,2.97915055766e-05,-5.6807386147e-12
1.9,-0.443611344087,-0.0237599900872,3.29898204652e-05,3.29898155038e-05,4.96140888112e-12
1.9,-0.43359321163,-0.0231488602184,3.64501125463e-05,3.64501129977e-05,-4.51330169255e-13
1.9,-0.423575079173,-0.0225433734096,4.01863888439e-05,4.0186386967e-05,1.87686700898e-12
1.9,-0.413556946716,-0.0219433319732,4.42128844159e-05,4.42128873547e-05,-2.93885689439e-12
1.9,-0.403538814259,-0.0213485439287,4.85440302279e-05,4.85440360675e-05,-5.83962796196e-12
1.9,-0.393520681802,-0.0207588227338,5.3194425685e-05,5.31944297279e-05,-4.04287945488e-12
1.9,-0.383502549346,-0.0201739870282,5.8178809873e-05,5.8178810211e-05,-3.37986495074e-13
1.9,-0.373484416889,-0.0195938603902,6.35120312305e-05,6.3512032892e-05,-1.66153466582e-12
1.9,-0.363466284432,-0.0190182711034,6.92090168519e-05,6.92090269985e-05,-1.01466347396e-11
1.9,-0.353448151975,-0.0184470519352,7.52847401997e-05,7.52847429079e-05,-2.70815810641e-12
1.9,-0.343430019518,-0.0178800399241,8.17541879051e-05,8.17541920915e-05,-4.1863825774e-12
1.9,-0.333411887061,-0.0173170761779,8.86323253408e-05,8.86323150969e-05,1.02439251878e-11
1.9,-0.323393754604,-0.0167580056787,9.59340615714e-05,9.59340720801e-05,-1.05086429603e-11
1.9,-0.313375622147,-0.0162026770985,0.00010367421287,0.000103674218235,-5.36520871133e-12
1.9,-0.30335748969,-0.0156509426205,0.000111867465527,0.000111867467474,-1.94694129254e-12
1.9,-0.293339357233,-0.0151026577694,0.000120528337523,0.000120528341521,-3.99817310336e-12
1.9,-0.283321224776,-0.0145576812471,0.000129671139263,0.000129671141031,-1.76780351425e-12
1.9,-0.273303092319,-0.0140158747764,0.000139309933325,0.000139309929521,3.80401100702e-12
1.9,-0.263284959863,-0.0134771029497,0.000149458493201,0.000149458505988,-1.27872293917e-11
1.9,-0.253266827406,-0.0129412330837,0.00016013026098,0.000160130266831,-5.85106786698e-12
1.9,-0.243248694949,-0.0124081350797,0.000171338304395,0.000171338301432,2.96354805388e-12
1.9,-0.233230562492,-0.0118776812888,0.000183095272292,0.000183095277486,-5.19371617111e-12
1.9,-0.223212430035,-0.0113497463819,0.000195413349603,0.000195413352235,-2.63192091276e-12
1.9,-0.213194297578,-0.0108242072238,0.000208304211013,0.00020830421087,1.43123414596e-13
1.9,-0.203176165121,-0.0103009427524,0.000221778973717,0.000221778992501,-1.87847818084e-11
1.9,-0.193158032664,-0.00977983386053,0.000235848149077,0.000235848155468,-6.39107237727e-12
1.9,-0.183139900207,-0.00926076328247,0.000250521593353,0.000250521596317,-2.96440714857e-12
1.9,-0.17312176775,-0.00874361548341,0.000265808457246,0.000265808459073,-1.82693687652e-12
1.9,-0.163103635293,-0.00822827655213,0.000281717134302,0.000281717141342,-7.0401684699e-12
1.9,-0.153085502837,-0.00771463409674,0.000298255208612,0.000298255215155,-6.54262413561e-12
1.9,-0.14306737038,-0.00720257714313,0.000315429400911,0.000315429406355,-5.44446979904e-12
1.9,-0.133049237923,-0.00669199603594,0.000333245514009,0.00033324550491,9.09922668896e-12
1.9,-0.123031105466,-0.00618278234193,0.00035170837691,0.000351708375507,1.40352388999e-12
1.9,-0.113012973009,-0.00567482875553,0.000370821788224,0.000370821793062,-4.83824222006e-12
1.9,-0.102994840552,-0.00516802900634,0.000390588457684,0.000390588469473,-1.17890775267e-11
1.9,-0.092976708095,-0.00466227776851,0.000411009947812,0.000411009957501,-9.68900030736e-12
1.9,-0.0829585756381,-0.00415747057172,0.000432086613342,0.000432086617181,-3.83919675565e-12
1.9,-0.0729404431812,-0.00365350371365,0.000453817540556,0.000453817551311,-1.07549035324e-11
1.9,-0.0629223107243,-0.00315027417389,0.000476200485225,0.000476200488396,-3.17150933337e-12
1.9,-0.0529041782674,-0.00264767952885,0.000499231809763,0.000499231813554,-3.79071145133e-12
1.9,-0.0428860458105,-0.00214561786788,0.000522906419519,0.000522906413567,5.9516084552e-12
1.9,-0.0328679133536,-0.00164398771014,0.000547217698073,0.000547217698077,-3.87786591033e-15
1.9,-0.0228497808966,-0.0011426879223,0.000572157442301,0.0005721574461,-3.79919977856e-12
1.9,-0.0128316484397,-0.000641617636745,0.000597715796463,0.000597715797299,-8.36144087996e-13
1.9,-0.00281351598282,-0.000140676170333,0.000623881185832,0.000623881181907,3.92515327966e-12
1.9,0.00720461647409,0.000360237056607,0.000650640250149,0.000650640257022,-6.87229732756e-12
1.9,0.017222748931,0.000861222601068,0.000677977776689,0.000677977785151,-8.46238660743e-12
1.9,0.0272408813879,0.00136238107812,0.000705876633299,0.000705876631319,1.9801126884e-12
1.9,0.0372590138448,0.00186381324178,0.000734317701879,0.000734317716042,-1.41624961541e-11
1.9,0.0472771463017,0.00236562006609,0.000763279811552,0.000763279821423,-9.87127849079e-12
1.9,0.0572952787587,0.00286790282662,0.000792739673341,0.000792739678974,-5.63308330103e-12
1.9,0.0673134112156,0.00337076318243,0.000822671814907,0.000822671819782,-4.8753629172e-12
1.9,0.0773315436725,0.0038743032587,0.000853048516851,0.000853048523957,-7.10621362102e-12
1.9,0.0873496761294,0.00437862573024,0.000883839750649,0.000883839755988,-5.33857040606e-12
1.9,0.0973678085863,0.00488383390582,0.000915013118061,0.000915013126614,-8.55243610307e-12
1.9,0.107385941043,0.0053900318137,0.000946533792968,0.000946533798643,-5.67522407107e-12
1.9,0.1174040735,0.00589732428833,0.000978364466178,0.000978364479418,-1.32399488508e-11
1.9,0.127422205957,0.00640581705854,0.0010104652929,0.00101046529749,-4.5883347035e-12
1.9,0.137440338414,0.00691561683719,0.00104279384433,0.00104279386014,-1.5811102861e-11
1.9,0.147458470871,0.00742683141263,0.00107530506363,0.001075305073,-9.36726998052e-12
1.9,0.157476603328,0.00793956974201,0.00110795122599,0.00110795123993,-1.39372010027e-11
1.9,0.167494735785,0.0084539420467,0.00114068190551,0.00114068190296,2.55594070214e-12
1.9,0.177512868242,0.0089700599099,0.00117344394721,0.00117344396967,-2.24559875903e-11
1.9,0.187531000699,0.0094880363768,0.00120618144679,0.00120618145933,-1.25419071829e-11
1.9,0.197549133155,0.0100079860572,0.0012388357381,0.00123883575015,-1.20480752111e-11
1.9,0.207567265612,0.0105300252314,0.0012713453894,0.0012713453926,-3.1982825676e-12
1.9,0.217585398069,0.0110542719582,0.00130364620933,0.00130364621902,-9.68837987267e-12
1.9,0.227603530526,0.0115808461875,0.00133567126383,0.00133567127513,-1.12907099035e-11
1.9,0.237621662983,0.0121098698755,0.00136735090476,0.00136735090574,-9.77987872977e-13
1.9,0.24763979544,0.0126414671037,0.00139861281129,0.00139861280987,1.41133697611e-12
1.9,0.257657927897,0.0131757642024,0.00142938204618,0.00142938205447,-8.2924127634e-12
1.9,0.267676060354,0.0137128898779,0.0014595811266,0.00145958112206,4.53688605781e-12
1.9,0.277694192811,0.0142529753449,0.00148913011259,0.00148913011256,2.64029249852e-14
1.9,0.287712325268,0.0147961544633,0.00151794671287,0.00151794672118,-8.31910842297e-12
1.9,0.297730457725,0.0153425638804,0.00154594641102,0.00154594641966,-8.63865706399e-12
1.9,0.307748590181,0.0158923431784,0.00157304261192,0.00157304261994,-8.02428349461e-12
1.9,0.317766722638,0.0164456350284,0.00159914681145,0.00159914680708,4.36625583779e-12
1.9,0.327784855095,0.0170025853497,0.00162416878973,0.00162416880037,-1.06432974413e-11
1.9,0.337802987552,0.0175633434769,0.00164801683013,0.00164801684192,-1.17953394448e-11
1.9,0.347821120009,0.0181280623329,0.0016705979658,0.00167059796717,-1.37648746568e-12
1.9,0.357839252466,0.0186968986103,0.00169181825434,0.00169181826322,-8.87138344556e-12
1.9,0.367857384923,0.0192700129608,0.00171158308308,0.00171158309225,-9.17541997242e-12
1.9,0.37787551738,0.0198475701924,0.00172979750593,0.0017297975097,-3.77550074537e-12
1.9,0.387893649837,0.0204297394763,0.00174636661311,0.00174636661938,-6.27073826892e-12
1.9,0.397911782294,0.0210166945635,0.00176119593518,0.00176119593508,1.02459924226e-13
1.9,0.407929914751,0.0216086140109,0.0017741918827,0.00177419188668,-3.98464139288e-12
1.9,0.417948047208,0.0222056814195,0.00178526222167,0.00178526221857,3.09610345174e-12
1.9,0.427966179664,0.022808085683,0.00179431658632,0.00179431658373,2.585851238e-12
1.9,0.437984312121,0.0234160212496,0.00180126702909,0.00180126703033,-1.23474017469e-12
1.9,0.448002444578,0.0240296883965,0.00180602860819,0.0018060286134,-5.21151307872e-12
1.9,0.458020577035,0.0246492935189,0.00180852001212,0.00180852000987,2.25016988549e-12
1.9,0.468038709492,0.0252750494334,0.00180866422077,0.00180866421597,4.80246701781e-12
1.9,0.478056841949,0.0259071756975,0.00180638920159,0.00180638920086,7.23201446645e-13
1.9,0.488074974406,0.0265458989466,0.00180162863881,0.00180162864484,-6.0299690588e-12
1.9,0.498093106863,0.0271914532482,0.00179432269393,0.00179432270751,-1.3577616028e-11
1.9,0.50811123932,0.0278440804762,0.00178441879269,0.00178441877965,1.3041761681e-11
1.9,0.518129371777,0.0285040307055,0.00177187243669,0.00177187242414,1.25459020343e-11
1.9,0.528147504234,0.0291715626291,0.00175664803179,0.00175664802655,5.24058465894e-12
1.9,0.53816563669,0.0298469439978,0.00173871973,0.00173871971298,1.70218277407e-11
1.9,0.548183769147,0.0305304520865,0.00171807227556,0.00171807227064,4.92259249855e-12
1.9,0.558201901604,0.0312223741863,0.00169470184802,0.00169470183195,1.60719679752e-11
1.9,0.568220034061,0.0319230081263,0.00166861689292,0.00166861687916,1.37644717672e-11
1.9,0.578238166518,0.0326326628259,0.00163983892791,0.00163983891225,1.56570143135e-11
1.9,0.588256298975,0.0333516588807,0.00160840331359,0.00160840329998,1.36108691592e-11
1.9,0.598274431432,0.0340803291834,0.00157435997461,0.00157435996274,1.18743476423e-11
1.9,0.608292563889,0.034819019584,0.00153777405625,0.00153777406952,-1.32713280469e-11
1.9,0.618310696346,0.0355680895896,0.00149872649974,0.00149872650551,-5.7642202643e-12
1.9,0.628328828803,0.0363279131098,0.00145731451979,0.00145731450985,9.93735801112e-12
1.9,0.63834696126,0.0370988792486,0.00141365196434,0.00141365195372,1.06216463576e-11
1.9,0.648365093716,0.0378813931477,0.0013678695375,0.00136786953348,4.02057532232e-12
1.9,0.658383226173,0.038675876885,0.00132011486527,0.00132011484816,1.71112067657e-11
1.9,0.66840135863,0.0394827704322,0.00127055238233,0.00127055238455,-2.22234383673e-12
1.9,0.678419491087,0.0403025326764,0.00121936302083,0.00121936300026,2.05769221107e-11
1.9,0.688437623544,0.0411356425112,0.00116674367834,0.00116674365531,2.30255202925e-11
1.9,0.698455756001,0.041982600002,0.00111290644728,0.00111290644822,-9.39441016298e-13
1.9,0.708473888458,0.0428439276322,0.00105807758874,0.00105807757053,1.82123628244e-11
1.9,0.718492020915,0.0437201716373,0.00100249623283,0.00100249623001,2.82470596392e-12
1.9,0.728510153372,0.0446119034331,0.000946412797367,0.000946412779917,1.74505980412e-11
1.9,0.738528285829,0.0455197211468,0.00089008711554,0.000890087118725,-3.1849475314e-12
1.9,0.748546418286,0.0464442512598,0.000833786270166,0.000833786249351,2.08145996099e-11
1.9,0.758564550743,0.0473861503717,0.000777782140984,0.000777782134278,6.70594439353e-12
1.9,0.768582683199,0.0483461070955,0.000722348676985,0.000722348682182,-5.19773113439e-12
1.9,0.778600815656,0.049324844097,0.000667758912193,0.000667758914722,-2.52872939602e-12
1.9,0.788618948113,0.0503231202898,0.000614281759695,0.000614281773007,-1.33125643755e-11
1.9,0.79863708057,0.051341733201,0.00056217862178,0.000562178627267,-5.48719576721e-12
1.9,0.808655213027,0.0523815215234,0.000511699870531,0.000511699898105,-2.75737488398e-11
1.9,0.818673345484,0.053443367871,0.000463081261323,0.000463081271865,-1.05418163348e-11
1.9,0.828691477941,0.0545282017572,0.00041654035686,0.000416540358552,-1.69279174012e-12
1.9,0.838709610398,0.0556370028172,0.000372273044405,0.000372273029497,1.49077065796e-11
1.9,0.848727742855,0.0567708042987,0.000330450243419,0.000330450255693,-1.22746177372e-11
1.9,0.858745875312,0.0579306968464,0.000291214907189,0.000291214923809,-1.66201072002e-11
1.9,0.868764007769,0.0591178326101,0.000254679420192,0.000254679426208,-6.01637359723e-12
1.9,0.878782140225,0.0603334297102,0.000220923507266,0.000220923533703,-2.64366419381e-11
1.9,0.888800272682,0.0615787770949,0.000189992748201,0.00018999276829,-2.0088868069e-11
1.9,0.898818405139,0.062855239833,0.000161897800444,0.000161897821567,-2.11237234302e-11
1.9,0.908836537596,0.0641642648861,0.000136614404511,0.000136614415741,-1.12297014136e-11
1.9,0.918854670053,0.0655073874131,0.000114084232894,0.000114084248967,-1.60735398515e-11
1.9,0.92887280251,0.0668862376641,9.42166085427e-05,9.42166227604e-05,-1.42177083908e-11
1.9,0.938890934967,0.0683025485305,7.68910951576e-05,7.68910888826e-05,6.2750186991e-12
1.9,0.948909067424,0.0697581638243,6.19609114016e-05,6.19609221635e-05,-1.07618213386e-11
1.9,0.958927199881,0.0712550473698,4.92570900734e-05,4.92570936868e-05,-3.61333922852e-12
1.9,0.968945332338,0.0727952930038,3.85932551195e-05,3.85932643657e-05,-9.24626304341e-12
1.9,0.978963464795,0.074381135591,2.97708491193e-05,2.9770853426e-05,-4.30672771751e-12
1.9,0.988981597252,0.0760149631763,2.25846119584e-05,2.25846237717e-05,-1.18133560659e-11
1.9,0.998999729708,0.0776993304159,1.68280825386e-05,1.68280869291e-05,-4.39057449252e-12
1.9,1.00901786217,0.079436973443,1.2298884966e-05,1.22988995192e-05,-1.4553233835e-11
1.9,1.01903599462,0.0812308263549,8.80356010313e-06,8.80356352123e-06,-3.41809306553e-12
1.9,1.02905412708,0.0830840395274,6.16172335377e-06,6.16172368642e-06,-3.32646887466e-13
1.9,1.03907225954,0.085,4.2093714625e-06,4.2093672045e-06,4.2580064908e-12
